﻿<?xml version="1.0" encoding="UTF-8" standalone="yes"?>
<addon id="screensaver.xbmc.builtin.plexphotos"
       name="Library Art"
       version="1.0.0"
       provider-name="Plex inc">
  <extension point="xbmc.ui.screensaver" library=""/>
  <extension point="xbmc.addon.metadata">
    <summary lang="en">Screensaver that shows photos and fanart from your Plex library.</summary>
    <description lang="en">Screensaver that shows photos and fanart from your Plex library.</description>
    <platform>all</platform>
  </extension>
</addon>
