<?xml version="1.0"?>
<window type="dialog" id="4997">
	<defaultcontrol>997</defaultcontrol>
	<onload condition="Skin.String(SettingsCategory,appearance)">SetFocus(902)</onload>
	<onload condition="Skin.String(SettingsCategory,system)">SetFocus(903)</onload>
	<onload condition="Skin.String(SettingsCategory,network)">SetFocus(904)</onload>
	<onload condition="Skin.String(SettingsCategory,playback)">SetFocus(901)</onload>
	<controls>
		<!-- LeftSideMenu.xml -->
		<include>LeftSideMenuSettings2</include>
	</controls>
</window>
