<?xml version="1.0"?>
<window>
	<defaultcontrol>5</defaultcontrol>
	<coordinates>
		<system>1</system>
		<posx>290</posx>
		<posy>75</posy>
	</coordinates>
	<include>DialogFade</include>
	<controls>
		<!-- bg's -->
		<control type="group">
			<posx>0</posx>
			<posy>0</posy>
			<control type="image">
				<description>Background</description>
				<width>600</width>
				<height>480</height>
				<include>DialogBG</include>
			</control>
			<control type="image">
				<description>Title bg</description>
				<width>600</width>
				<height>80</height>
				<include>DialogHeaderBG</include>
			</control>
			<control type="image">
				<description>Title bg bottom border</description>
				<width>600</width>
				<posy>30</posy>
				<include>DialogHeaderBorder</include>
			</control>
			<control type="image">
				<description>Background border</description>
				<width>602</width>
				<height>482</height>
				<include>DialogBorder</include>
			</control>
			<control type="image">
				<description>Dialog arrow</description>
				<posx>285</posx>
				<posy>480</posy>
				<include>DialogArrow</include>
			</control>
		</control>
		<control type="label" id="1">
			<description>Heading</description>
			<posx>0</posx>
			<posy>20</posy>
			<width>560</width>
			<height>30</height>
			<label>-</label>
			<include>DialogHeading</include>
			<label>$LOCALIZE[5]</label>
		</control>
		<control type="label" id="3">
			<description>No Settings Label</description>
			<posx>0</posx>
			<posy>200</posy>
			<width>640</width>
			<align>center</align>
			<label>35004</label>
			<font>Regular-18</font>
		</control>
		<control type="grouplist" id="5">
			<description>control area</description>
			<posx>20</posx>
			<posy>100</posy>
			<width>560</width>
			<height>270</height>
			<itemgap>5</itemgap>
			<pagecontrol>60</pagecontrol>
			<onleft>28</onleft>
			<onright>28</onright>
			<onup>28</onup>
			<ondown>28</ondown>
		</control>
		<control type="scrollbar" id="60">
			<description>Scroll Bar</description>
			<posx>580</posx>
			<posy>95</posy>
			<width>20</width>
			<height>280</height>
			<showonepage>true</showonepage>
		</control>
		<control type="button" id="7">
			<description>Default Button</description>
			<width>550</width>
		</control>
		<control type="radiobutton" id="8">
			<description>Default RadioButton</description>
			<width>550</width>
		</control>
		<control type="spincontrolex" id="9">
			<description>Default SpinControlex</description>
			<width>550</width>
			<reverse>yes</reverse>
		</control>
		<control type="sliderex" id="10">
			<description>Default Slider</description>
			<width>550</width>
		</control>
		<control type="image" id="11">
			<description>separator image</description>
			<description>separator image</description>
			<width>1</width>
			<height>1</height>
			<texture>-</texture>
			<visible>false</visible>
		</control>
		<control type="group" id="9000">
			<posx>20</posx>
			<posy>410</posy>
			<control type="button" id="29">
				<description>Cancel Button</description>
				<posy>0</posy>
				<posx>0</posx>
				<width>150</width>
				<include>DialogPressButton</include>
				<label>222</label>
				<onleft>50</onleft>
				<onright>28</onright>
				<onup>5</onup>
				<ondown>5</ondown>
			</control>
			<control type="button" id="28">
				<description>OK Button</description>
				<posy>0</posy>
				<posx>210</posx>
				<width>150</width>
				<include>DialogPressButton</include>
				<label>186</label>
				<onleft>29</onleft>
				<onright>50</onright>
				<onup>5</onup>
				<ondown>5</ondown>
			</control>
			<control type="button" id="50">
				<description>Defaults Button</description>
				<posy>0</posy>
				<posx>400</posx>
				<width>150</width>
				<include>DialogPressButton</include>
				<label>409</label>
				<onleft>28</onleft>
				<onright>29</onright>
				<onup>5</onup>
				<ondown>5</ondown>
			</control>
		</control>
	</controls>
</window>
