﻿<?xml version="1.0"?>
<window id="109">
	<defaultcontrol always="true">21</defaultcontrol>
	<allowoverlay>no</allowoverlay>
	<zorder>1</zorder>
	<coordinates>
		<system>1</system>
		<posx>0</posx>
		<posy>0</posy>
	</coordinates>
	<controls>
		<include condition="!Window.IsActive(home) + !Window.IsActive(startup)">KeyboardNumeric</include>
		<include condition="Window.IsActive(startup) | Window.IsActive(home)">KbPIN</include>
		<include>debugInfos</include>
		<include>Grid</include>
	</controls>
</window>
