<?xml version="1.0"?>
<fonts>
	<fontset id="Default" unicode="true">
		<!--
		NOTE:
		in skin, search and replace:
		1. Bold = Bold
		2. Regular = Regular
	    -->
		<!-- Default -->
		<font>
			<name>DefaultFont</name>
			<filename>PlexFont-Regular.ttf</filename>
			<size>18</size>
		</font>
		<!-- special cases -->
		<!-- home screen info card plot -->
		<font>
			<name>HomePlot</name>
			<filename>PlexFont-Regular.ttf</filename>
			<size>16</size>
			<linespacing>1.1</linespacing>
		</font>
		<!-- home screen info card plot -->
		<font>
			<name>Plot</name>
			<filename>PlexFont-Regular.ttf</filename>
			<size>18</size>
			<linespacing>1.1</linespacing>
		</font>
		<!-- login form description -->
		<font>
			<name>PINdescription</name>
			<filename>PlexFont-Regular.ttf</filename>
			<size>20</size>
			<linespacing>1.2</linespacing>
		</font>
		<!-- Regular -->
		<font>
			<name>Regular-12</name>
			<filename>PlexFont-Regular.ttf</filename>
			<size>12</size>
		</font>
		<font>
			<name>Regular-13</name>
			<filename>PlexFont-Regular.ttf</filename>
			<size>13</size>
		</font>
		<font>
			<name>Regular-14</name>
			<filename>PlexFont-Regular.ttf</filename>
			<size>14</size>
		</font>
		<font>
			<name>Regular-16</name>
			<filename>PlexFont-Regular.ttf</filename>
			<size>16</size>
		</font>
		<font>
			<name>Regular-17</name>
			<filename>PlexFont-Regular.ttf</filename>
			<size>17</size>
		</font>
		<font>
			<name>Regular-18</name>
			<filename>PlexFont-Regular.ttf</filename>
			<size>18</size>
		</font>
		<font>
			<name>Regular-19</name>
			<filename>PlexFont-Regular.ttf</filename>
			<size>19</size>
		</font>
		<font>
			<name>Regular-20</name>
			<filename>PlexFont-Regular.ttf</filename>
			<size>20</size>
		</font>
		<font>
			<name>Regular-22</name>
			<filename>PlexFont-Regular.ttf</filename>
			<size>22</size>
		</font>
		<font>
			<name>Regular-24</name>
			<filename>PlexFont-Regular.ttf</filename>
			<size>24</size>
		</font>
		<font>
			<name>Regular-26</name>
			<filename>PlexFont-Regular.ttf</filename>
			<size>26</size>
		</font>
		<font>
			<name>Regular-28</name>
			<filename>PlexFont-Regular.ttf</filename>
			<size>28</size>
		</font>
		<font>
			<name>Regular-30</name>
			<filename>PlexFont-Regular.ttf</filename>
			<size>30</size>
		</font>
		<font>
			<name>Regular-32</name>
			<filename>PlexFont-Regular.ttf</filename>
			<size>32</size>
		</font>
		<font>
			<name>Regular-34</name>
			<filename>PlexFont-Regular.ttf</filename>
			<size>34</size>
		</font>
		<!-- Bold -->
		<font>
			<name>Bold-10</name>
			<filename>PlexFont-Bold.ttf</filename>
			<size>10</size>
		</font>
		<font>
			<name>Bold-11</name>
			<filename>PlexFont-Bold.ttf</filename>
			<size>11</size>
		</font>
		<font>
			<name>Bold-12</name>
			<filename>PlexFont-Bold.ttf</filename>
			<size>12</size>
		</font>
		<font>
			<name>Bold-13</name>
			<filename>PlexFont-Bold.ttf</filename>
			<size>13</size>
		</font>
		<font>
			<name>Bold-14</name>
			<filename>PlexFont-Bold.ttf</filename>
			<size>14</size>
		</font>
		<font>
			<name>Bold-15</name>
			<filename>PlexFont-Bold.ttf</filename>
			<size>15</size>
		</font>
		<font>
			<name>Bold-16</name>
			<filename>PlexFont-Bold.ttf</filename>
			<size>16</size>
		</font>
		<font>
			<name>Bold-17</name>
			<filename>PlexFont-Bold.ttf</filename>
			<size>17</size>
		</font>
		<font>
			<name>Bold-18</name>
			<filename>PlexFont-Bold.ttf</filename>
			<size>18</size>
		</font>
		<font>
			<name>Bold-19</name>
			<filename>PlexFont-Bold.ttf</filename>
			<size>19</size>
		</font>
		<font>
			<name>Bold-20</name>
			<filename>PlexFont-Bold.ttf</filename>
			<size>20</size>
		</font>
		<font>
			<name>Bold-22</name>
			<filename>PlexFont-Bold.ttf</filename>
			<size>22</size>
		</font>
		<font>
			<name>Bold-24</name>
			<filename>PlexFont-Bold.ttf</filename>
			<size>24</size>
		</font>
		<font>
			<name>Bold-26</name>
			<filename>PlexFont-Bold.ttf</filename>
			<size>26</size>
		</font>
		<font>
			<name>Bold-28</name>
			<filename>PlexFont-Bold.ttf</filename>
			<size>28</size>
		</font>
		<font>
			<name>Bold-30</name>
			<filename>PlexFont-Bold.ttf</filename>
			<size>30</size>
		</font>
		<font>
			<name>Bold-32</name>
			<filename>PlexFont-Bold.ttf</filename>
			<size>32</size>
		</font>
		<font>
			<name>Bold-34</name>
			<filename>PlexFont-Bold.ttf</filename>
			<size>34</size>
		</font>
		<font>
			<name>Bold-36</name>
			<filename>PlexFont-Bold.ttf</filename>
			<size>36</size>
		</font>
		<font>
			<name>Bold-42</name>
			<filename>PlexFont-Bold.ttf</filename>
			<size>42</size>
		</font>
		<font>
			<name>Bold-48</name>
			<filename>PlexFont-Bold.ttf</filename>
			<size>48</size>
		</font>
		<font>
			<name>Bold-52</name>
			<filename>PlexFont-Bold.ttf</filename>
			<size>52</size>
		</font>
		<font>
			<name>Bold-124</name>
			<filename>PlexFont-Bold.ttf</filename>
			<size>124</size>
		</font>
	</fontset>
</fonts>
