<?xml version="1.0"?>
<window id="0">
	<defaultcontrol always="true">300</defaultcontrol>
	<allowoverlay>no</allowoverlay>
	<onload>Skin.SetString(AspectRatio,$INFO[Skin.AspectRatio])</onload>
	<controls>
		<include>BGGrainy</include>
		<include>SlideshowHome</include>
		<include>HomeMenu</include>
		<include>HomeLists</include>
		<include>Clock</include>
		<include>NowPlayingOverlay</include>
		<include>NowPlayingSideBar</include>
		<include>CurrentUserAvatar</include>
		<include>debugInfos</include>
		<include>Grid</include>
		<include>CurrentlyPlaying</include>
		<include>WindowFade</include>
		<include>Non16x9Cache</include>
	</controls>
</window>
