<?xml version="1.0"?>
<includes>
	<!-- common variables -->
	<include name="ListTitleBgTop">
		<posx>0</posx>
		<width>870</width>
		<height>30</height>
		<texture border="10" flipy="true">base-rounded-half-half.png</texture>
		<colordiffuse>FF000000</colordiffuse>
		<animation effect="fade" start="40" end="60" time="0" condition="true">Conditional</animation>
	</include>
	<include name="ListTitleBgBottom">
		<posx>0</posx>
		<width>870</width>
		<height>30</height>
		<texture border="10">base-rounded-half-half.png</texture>
		<colordiffuse>FF000000</colordiffuse>
		<animation effect="fade" start="40" end="60" time="0" condition="true">Conditional</animation>
	</include>
	<include name="ListBgTop">
		<posy>0</posy>
		<posx>0</posx>
		<width>870</width>
		<height>236</height>
		<include>BlackRoundedRight</include>
		<animation effect="fade" start="0" end="40" time="300" condition="true">Conditional</animation>
	</include>
	<include name="ListBgBottom">
		<posy>-207</posy>
		<posx>0</posx>
		<width>870</width>
		<height>236</height>
		<include>BlackRoundedRight</include>
		<animation effect="fade" start="0" end="40" time="300" condition="true">Conditional</animation>
	</include>
	<include name="ListTitle">
		<posy>2</posy>
		<posx>855</posx>
		<font>Bold-16</font>
		<textcolor>orange</textcolor>
		<shadowcolor>FF222222</shadowcolor>
		<width>350</width>
		<height>30</height>
		<align>right</align>
	</include>
	<include name="ListArrow">
		<control type="image">
			<posy>-123</posy>
			<posx>0</posx>
			<texture background="true">arrow-big.png</texture>
			<colordiffuse>orange</colordiffuse>
			<animation effect="fade" start="0" end="100" time="200" condition="true">Visible</animation>
			<animation effect="fade" start="100" end="0" time="100" condition="true">Hidden</animation>
			<visible>ControlGroup(5000).HasFocus + !Control.IsVisible(999)</visible>
		</control>
	</include>
	<include name="ListItemTitle1">
		<posx>95</posx>
		<width>100</width>
		<align>center</align>
		<aligny>center</aligny>
		<scroll>false</scroll>
		<font>Regular-14</font>
		<wrapmultiline>false</wrapmultiline>
		<shadowcolor>FF222222</shadowcolor>
	</include>
	<include name="ListItemTitleWide">
		<posx>133</posx>
		<width>160</width>
		<align>center</align>
		<aligny>center</aligny>
		<scroll>false</scroll>
		<font>Regular-14</font>
		<wrapmultiline>false</wrapmultiline>
		<shadowcolor>FF222222</shadowcolor>
	</include>
	<include name="PosListItem">
		<posy>50</posy>
		<posx>37</posx>
	</include>
	<include name="PosListItemSelected">
		<posy>47</posy>
		<posx>34</posx>
	</include>
	<!-- specific variables -->
	<!-- Poster Items -->
	<include name="ListItemPoster">
		<control type="image">
			<width>144</width>
			<height>202</height>
			<include>Shadow</include>
		</control>
		<control type="image">
			<include>PosListItem</include>
			<width>118</width>
			<height>176</height>
			<texture background="true">default-poster-small.png</texture>
		</control>
		<control type="image">
			<include>PosListItem</include>
			<width>118</width>
			<height>176</height>
			<aspectratio scalediffuse="false" align="center">scale</aspectratio>
			<texture diffuse="mask-poster-small.png" background="true">$INFO[ListItem.Art(smallThumb)]</texture>
			<visible>!ListItem.Type(episode)</visible>
		</control>
		<control type="image">
			<include>PosListItem</include>
			<width>118</width>
			<height>176</height>
			<aspectratio scalediffuse="false" align="center">scale</aspectratio>
			<texture diffuse="mask-poster-small.png" background="true">$INFO[ListItem.Art(smallGrandparentThumb)]</texture>
			<visible>ListItem.Type(episode)</visible>
		</control>
	</include>
	<include name="ListItemPosterSelectedBorder">
		<control type="image">
			<include>PosListItemSelected</include>
			<width>124</width>
			<height>183</height>
			<include>Border</include>
		</control>
	</include>
	<include name="ListItemPosterCard">
		<control type="group">
			<!--><control type="image">
			<posx>37</posx>
			<posy>177</posy>
			<width>116</width>
			<height>50</height>
			<texture border="10">blackwideroundedtflat.png</texture>
			<colordiffuse>FF000000</colordiffuse>
			<animation effect="fade" start="0" end="70" time="400" condition="true">Conditional</animation>
		</control>-->
			<control type="image">
				<posx>37</posx>
				<posy>202</posy>
				<width>118</width>
				<height>25</height>
				<include>Card</include>
				<animation effect="fade" start="0" end="80" time="400" condition="true">Conditional</animation>
			</control>
		</control>
	</include>
	<include name="ListItemPosterTitleTV1">
		<control type="label">
			<posy>190</posy>
			<include>ListItemTitle1</include>
		</control>
	</include>
	<include name="ListItemPosterTitleTV2">
		<control type="group">
			<visible>ListItem.Type(episode)</visible>
			<posy>216</posy>
			<posx>95</posx>
			<control type="label">
				<width>110</width>
				<align>center</align>
				<aligny>center</aligny>
				<scroll>false</scroll>
				<label>S$INFO[ListItem.Season] [COLOR=orange]&#xB7;[/COLOR] E$INFO[ListItem.Episode]</label>
				<font>Bold-14</font>
				<textcolor>white</textcolor>
				<wrapmultiline>false</wrapmultiline>
				<visible>![IsEmpty(ListItem.Season) | IsEmpty(ListItem.Episode)]</visible>
				<animation effect="fade" start="0" end="80" time="400" condition="true">Conditional</animation>
			</control>
			<control type="label">
				<width>110</width>
				<align>center</align>
				<aligny>center</aligny>
				<scroll>false</scroll>
				<label>$INFO[ListItem.Date]</label>
				<font>Bold-14</font>
				<textcolor>white</textcolor>
				<wrapmultiline>false</wrapmultiline>
				<visible>[IsEmpty(ListItem.Season) | IsEmpty(ListItem.Episode)]</visible>
				<animation effect="fade" start="0" end="80" time="400" condition="true">Conditional</animation>
			</control>
		</control>
	</include>
	<include name="ListItemPosterTitleTV3">
		<control type="group">
			<visible>ListItem.Type(season)</visible>
			<posy>216</posy>
			<posx>95</posx>
			<control type="label">
				<width>110</width>
				<align>center</align>
				<aligny>center</aligny>
				<scroll>false</scroll>
				<label>$LOCALIZE[31141] $INFO[ListItem.Season]</label>
				<font>Bold-14</font>
				<textcolor>white</textcolor>
				<wrapmultiline>false</wrapmultiline>
				<visible>![IsEmpty(ListItem.Season) | IsEmpty(ListItem.Episode)]</visible>
				<animation effect="fade" start="0" end="80" time="400" condition="true">Conditional</animation>
			</control>
			<control type="label">
				<width>110</width>
				<align>center</align>
				<aligny>center</aligny>
				<scroll>false</scroll>
				<label>$INFO[ListItem.Date]</label>
				<font>Bold-14</font>
				<textcolor>white</textcolor>
				<wrapmultiline>false</wrapmultiline>
				<visible>[IsEmpty(ListItem.Season) | IsEmpty(ListItem.Episode)]</visible>
				<animation effect="fade" start="0" end="80" time="400" condition="true">Conditional</animation>
			</control>
		</control>
	</include>
	<include name="ListItemInProgress">
		<control type="image">
			<visible>ListItem.Status(InProgress)</visible>
			<posx>131</posx>
			<posy>204</posy>
			<width>22</width>
			<height>22</height>
			<info>ListItem.Overlay</info>
			<animation effect="fade" start="100" end="50" time="300" condition="ControlGroup(7001).HasFocus">Conditional</animation>
		</control>
	</include>
	<include name="ListItemPosterDimmer">
		<posx>37</posx>
		<posy>50</posy>
		<width>126</width>
		<height>176</height>
		<aspectratio scalediffuse="false" align="center">scale</aspectratio>
		<texture diffuse="posterMaskSmall.png" background="true">posterMaskSmall.png</texture>
		<colordiffuse>FF000000</colordiffuse>
		<animation effect="fade" start="0" end="50" time="400" condition="true">Visible</animation>
		<animation effect="fade" start="50" end="0" time="300" condition="true">Hidden</animation>
	</include>
	<!-- Square Items -->
	<include name="ListItemSquare">
		<control type="image">
			<width>152</width>
			<height>152</height>
			<include>Shadow</include>
		</control>
		<control type="image">
			<include>PosListItem</include>
			<width>126</width>
			<height>126</height>
			<texture background="true">default-square-small.png</texture>
		</control>
		<control type="image">
			<include>PosListItem</include>
			<width>126</width>
			<height>126</height>
			<aspectratio scalediffuse="false" align="center">scale</aspectratio>
			<texture diffuse="mask-square.png" background="true">$INFO[ListItem.Art(smallThumb)]</texture>
		</control>
	</include>
	<include name="ListItemSquareSelectedBorder">
		<control type="image">
			<include>PosListItemSelected</include>
			<width>132</width>
			<height>132</height>
			<include>Border</include>
		</control>
	</include>
	<include name="ListItemSquareCard">
		<control type="image">
			<posx>37</posx>
			<posy>172</posy>
			<width>126</width>
			<height>54</height>
			<include>Card</include>
			<animation effect="fade" start="0" end="40" time="400" condition="true">Conditional</animation>
		</control>
		<control type="image">
			<posx>37</posx>
			<posy>199</posy>
			<width>126</width>
			<height>28</height>
			<include>Card</include>
			<animation effect="fade" start="0" end="40" time="400" condition="true">Conditional</animation>
		</control>
	</include>
	<include name="ListItemSquareTitle">
		<control type="label">
			<posy>214</posy>
			<include>ListItemTitle1</include>
			<label>$INFO[ListItem.Label]</label>
		</control>
	</include>
	<include name="ListItemSquareTitleAlbum">
		<control type="label">
			<posy>214</posy>
			<include>ListItemTitle1</include>
			<label>$INFO[ListItem.Album]</label>
		</control>
	</include>
	<include name="ListItemSquareTitleArtist">
		<control type="label">
			<posy>190</posy>
			<include>ListItemTitle1</include>
			<label>$INFO[ListItem.Artist]</label>
		</control>
	</include>
	<include name="ListItemSquareDimmer">
		<posx>37</posx>
		<posy>50</posy>
		<width>126</width>
		<height>126</height>
		<aspectratio scalediffuse="false" align="center">scale</aspectratio>
		<texture diffuse="mask-square.png" background="true">mask-square.png</texture>
		<colordiffuse>FF000000</colordiffuse>
		<animation effect="fade" start="0" end="50" time="400" condition="true">Visible</animation>
		<animation effect="fade" start="50" end="0" time="300" condition="true">Hidden</animation>
	</include>
	<!-- Wide Items -->
	<include name="ListItemWide">
		<control type="image">
			<width>222</width>
			<height>142</height>
			<include>Shadow</include>
		</control>
		<control type="image">
			<include>PosListItem</include>
			<width>196</width>
			<height>116</height>
			<texture background="true">default-thumb-small.png</texture>
		</control>
		<control type="image">
			<include>PosListItem</include>
			<width>196</width>
			<height>116</height>
			<aspectratio scalediffuse="false" align="center">scale</aspectratio>
			<texture diffuse="mask-clip-small.png" background="true">$INFO[ListItem.Art(smallThumb)]</texture>
		</control>
	</include>
	<include name="ListItemWideSelectedBorder">
		<control type="image">
			<include>PosListItemSelected</include>
			<width>202</width>
			<height>123</height>
			<include>Border</include>
		</control>
	</include>
	<include name="ListItemWideCard">
		<control type="image">
			<posx>37</posx>
			<posy>163</posy>
			<width>196</width>
			<height>60</height>
			<include>Card</include>
			<animation effect="fade" start="0" end="40" time="400" condition="true">Conditional</animation>
		</control>
		<control type="image">
			<posx>37</posx>
			<posy>194</posy>
			<width>195</width>
			<height>30</height>
			<include>Card</include>
			<animation effect="fade" start="0" end="40" time="400" condition="true">Conditional</animation>
		</control>
	</include>
	<include name="ListItemWideTitle">
		<control type="label">
			<posy>209</posy>
			<include>ListItemTitleWide</include>
			<textcolor>white</textcolor>
			<label>$INFO[ListItem.Label]</label>
		</control>
	</include>
	<include name="ListItemWideTitleProvider">
		<control type="label">
			<visible>IsEmpty(ListItem.Property(Recommender))</visible>
			<posy>182</posy>
			<include>ListItemTitleWide</include>
			<textcolor>FF999999</textcolor>
			<label>$INFO[ListItem.Property(sourceTitle)]</label>
		</control>
		<control type="label">
			<visible>!IsEmpty(ListItem.Property(Recommender))</visible>
			<posy>182</posy>
			<include>ListItemTitleWide</include>
			<textcolor>FF999999</textcolor>
			<label>$INFO[ListItem.Property(Recommender)]$INFO[ListItem.Property(sourceTitle), [COLOR=orange]&#xB7;[/COLOR] ]</label>
		</control>
	</include>
	<include name="ListItemWideDimmer">
		<posx>37</posx>
		<posy>50</posy>
		<width>196</width>
		<height>116</height>
		<aspectratio scalediffuse="false" align="center">scale</aspectratio>
		<texture diffuse="mask-clip-small.png" background="true">mask-clip-small.png</texture>
		<colordiffuse>FF000000</colordiffuse>
		<animation effect="fade" start="0" end="50" time="400" condition="true">Visible</animation>
		<animation effect="fade" start="50" end="0" time="300" condition="true">Hidden</animation>
	</include>
	<!-- Square Composites -->	
	<include name="ListItemSquareComposite">
		<control type="image">
			<width>152</width>
			<height>152</height>
			<include>Shadow</include>
		</control>
		<control type="image">
			<include>PosListItem</include>
			<width>126</width>
			<height>126</height>
			<texture background="true">default-square-small.png</texture>
		</control>
		<control type="image">
			<include>PosListItem</include>
			<width>126</width>
			<height>126</height>
			<texture fallback="default-square-big.png" background="true" diffuse="mask-square-big.png">$INFO[ListItem.CompositeImage(width=720;height=720;cols=2;rows=2)]</texture>
			<aspectratio scalediffuse="false" align="center" aligny="middle">scale</aspectratio>
			<visible>ListItem.Type(musicplaylist) | ListItem.Type(musicplayqueue)</visible>
		</control>		
		<control type="image">
			<include>PosListItem</include>
			<width>126</width>
			<height>126</height>
			<texture fallback="default-square-big.png" background="true" diffuse="mask-square-big.png">$INFO[ListItem.CompositeImage(width=720;height=720;cols=3;rows=2)]</texture>
			<aspectratio scalediffuse="false" align="center" aligny="middle">scale</aspectratio>
			<visible>ListItem.Type(videoplaylist) | ListItem.Type(videoplayqueue)</visible>
		</control>
	</include>
	<include name="ListItemSquareCompositeSelectedBorder">
		<control type="image">
			<include>PosListItemSelected</include>
			<width>132</width>
			<height>132</height>
			<include>Border</include>
		</control>
	</include>
	<include name="ListItemSquareCompositeCard">
		<control type="image">
			<posx>37</posx>
			<posy>172</posy>
			<width>126</width>
			<height>54</height>
			<include>Card</include>
			<animation effect="fade" start="0" end="40" time="400" condition="true">Conditional</animation>
		</control>
		<control type="image">
			<posx>37</posx>
			<posy>199</posy>
			<width>126</width>
			<height>28</height>
			<include>Card</include>
			<animation effect="fade" start="0" end="40" time="400" condition="true">Conditional</animation>
		</control>
	</include>
	<include name="ListItemSquareCompositeTitle">
		<control type="label">
			<posy>214</posy>
			<include>ListItemTitle1</include>
			<label>$INFO[ListItem.Label]</label>
		</control>
	</include>
	<include name="ListItemSquareCompositeTitleServer">
		<control type="label">
			<posy>190</posy>
			<include>ListItemTitle1</include>
			<label>$INFO[ListItem.Property(serverName)]</label>
		</control>
	</include>
	<!-- lists -->
	<include name="HomeLists">
		<!-- lists -->
		<control type="group" id="5000">
			<include>FadeDialog</include>
			<visible>[Control.IsVisible(11000) | Control.IsVisible(11001) | Control.IsVisible(11002) | Control.IsVisible(11003) | Control.IsVisible(11004) | Control.IsVisible(11005) | Control.IsVisible(11006) | Control.IsVisible(11007) | Control.IsVisible(12000)]</visible>
			<posx>391</posx>
			<posy>0</posy>
			<width>890</width>
			<height>720</height>
			<!-- list titles & bg's & arrows (see includes on top for formatting) -->
			<control type="group">
				<!-- "on deck" & "Watch Later" -->
				<control type="group">
					<!-- with "recently added" or "recommended" or "PQ video" -->
					<control type="group">
						<visible>[Control.IsVisible(11000) + Control.IsVisible(11001)] | [Control.IsVisible(11003) + Control.IsVisible(11004)] | [Control.IsVisible(11006) + Control.IsVisible(11007)]</visible>
						<posy>215</posy>
						<control type="image">
							<include>ListBgTop</include>
						</control>
						<control type="image">
							<include>ListTitleBgTop</include>
						</control>
						<control type="label" id="8002">
							<include>ListTitle</include>
							<label>On Deck</label>
							<visible>[Control.IsVisible(11000) + Control.IsVisible(11001)]</visible>
						</control>
						<control type="label" id="8002">
							<include>ListTitle</include>
							<label>Watch Later</label>
							<visible>[Control.IsVisible(11003) + Control.IsVisible(11004)]</visible>
						</control>
						<control type="label" id="8002">
							<include>ListTitle</include>
							<label>Video</label>
							<visible>[Control.IsVisible(11005) + Control.IsVisible(11007)]</visible>
						</control>
						<control type="label" id="8002">
							<include>ListTitle</include>
							<label>Video</label>
							<visible>[Control.IsVisible(11006) + Control.IsVisible(11007)]</visible>
						</control>
					</control>
					<!-- alone -->
					<control type="group">
						<visible>[!Control.IsVisible(11000) + Control.IsVisible(11001)] | [Control.IsVisible(11003) + !Control.IsVisible(11004)] | [!Control.IsVisible(11006) + Control.IsVisible(11007)]</visible>
						<posy>320</posy>
						<control type="image">
							<include>ListBgTop</include>
						</control>
						<control type="image">
							<include>ListTitleBgTop</include>
						</control>
						<control type="label" id="8002">
							<include>ListTitle</include>
							<label>On Deck</label>
							<visible>[!Control.IsVisible(11000) + Control.IsVisible(11001)]</visible>
						</control>
						<control type="label" id="8002">
							<include>ListTitle</include>
							<label>Watch Later</label>
							<visible>[Control.IsVisible(11003) + !Control.IsVisible(11004)]</visible>
						</control>
						<control type="label" id="8002">
							<include>ListTitle</include>
							<label>Video</label>
							<visible>[!Control.IsVisible(11006) + Control.IsVisible(11007)]</visible>
						</control>
						<!-- arrow -->
						<control type="group">
							<posy>243</posy>
							<include>ListArrow</include>
						</control>
					</control>
				</control>
				<!-- "recently added" & "recently used" & "recommendations" & "play lists" -->
				<control type="group">
					<visible>Control.IsVisible(11000) | Control.IsVisible(11002) | Control.IsVisible(11003) | Control.IsVisible(11004) | Control.IsVisible(11005) | [Control.IsVisible(11006) + !Control.IsVisible(11007)] | [Control.IsVisible(11006) + Control.IsVisible(11007)]</visible>
					<!-- with "on deck" or "Watch Later + recommendations" or "PQ music" -->
					<control type="group">
						<visible>Control.IsVisible(11001) | [Control.IsVisible(11003) + Control.IsVisible(11004)] | [Control.IsVisible(11006) + Control.IsVisible(11007)]</visible>
						<posy>666</posy>
						<control type="image">
							<include>ListBgBottom</include>
						</control>
						<control type="image">
							<include>ListTitleBgBottom</include>
						</control>
						<control type="label" id="8001">
							<include>ListTitle</include>
							<label>Recently Added</label>
							<visible>Control.IsVisible(11001)</visible>
						</control>
						<control type="label" id="8001">
							<include>ListTitle</include>
							<label>Recommended</label>
							<visible>[Control.IsVisible(11003) + Control.IsVisible(11004)]</visible>
						</control>
						<control type="label" id="8001">
							<include>ListTitle</include>
							<label>Music</label>
							<visible>[Control.IsVisible(11006) + Control.IsVisible(11007)]</visible>
						</control>
					</control>
					<!-- alone -->
					<control type="group">
						<visible>[Control.IsVisible(11000) + !Control.IsVisible(11001)] | [Control.IsVisible(11003) + !Control.IsVisible(11004)] | [!Control.IsVisible(11003) + Control.IsVisible(11004)] | Control.IsVisible(11002) | Control.IsVisible(11005) | [Control.IsVisible(11006) + !Control.IsVisible(11007)]</visible>
						<posy>563</posy>
						<control type="image">
							<include>ListBgBottom</include>
						</control>
						<control type="image">
							<include>ListTitleBgBottom</include>
						</control>
						<control type="label" id="8001">
							<include>ListTitle</include>
							<label>Recently Added</label>
							<visible>Control.IsVisible(11000)</visible>
						</control>
						<control type="label" id="8001">
							<include>ListTitle</include>
							<label>Recently Used</label>
							<visible>Control.IsVisible(11002)</visible>
						</control>
						<control type="label" id="8001">
							<include>ListTitle</include>
							<label>Recommended</label>
							<visible>Control.IsVisible(11004) + !Control.IsVisible(11003)</visible>
						</control>						
						<control type="label" id="8001">
							<include>ListTitle</include>
							<label>Playlists</label>
							<visible>Control.IsVisible(11005)</visible>
						</control>
						<control type="label" id="8001">
							<include>ListTitle</include>
							<label>Music</label>
							<visible>[Control.IsVisible(11006)]</visible>
						</control>
						<!-- arrow -->
						<include>ListArrow</include>
					</control>
				</control>
			</control>
			<!-- Container for the new lists -->
			<!-- "On Deck" & "Recently Added" -->
			<control type="grouplist" id="5100">
				<visible>true</visible>
				<posx>-3</posx>
				<posy>84</posy>
				<width>890</width>
				<height>720</height>
				<ondown>5200</ondown>
				<onup>310</onup>
				<onright>350</onright>
				<onleft>350</onleft>
				<orientation>vertical</orientation>
				<!-- On Deck (11001) -->
				<control type="group" id="7002">
					<height>230</height>
					<control type="fixedlist" id="11001">
						<visible allowhiddenfocus="false">false</visible>
						<orientation>horizontal</orientation>
						<ondown condition="Control.IsVisible(11000)">7001</ondown>
						<ondown condition="!Control.IsVisible(11000)">300</ondown>
						<onup>300</onup>
						<onright>-</onright>
						<onleft>300</onleft>
						<posx>0</posx>
						<posy>129</posy>
						<width>860</width>
						<height>330</height>
						<itemlayout width="139" height="330">
							<!-- movie & episode when both lists are visible -->
							<control type="group">
								<posy>-3</posy>
								<visible>[ListItem.Type(episode) | ListItem.Type(movie)] + Control.IsVisible(11000)</visible>
								<animation effect="fade" start="100" end="50" time="300" condition="ControlGroup(7001).HasFocus">Conditional</animation>
								<control type="group">
									<include>ListItemPoster</include>
									<include>ListItemInProgress</include>
								</control>
								<control type="group">
									<visible>ListItem.Type(episode)</visible>
									<include>ListItemPosterCard</include>
									<include>ListItemPosterTitleTV2</include>
									<include>ListItemInProgress</include>
								</control>
								<control type="image">
									<visible>ControlGroup(7001).HasFocus</visible>
									<include>ListItemPosterDimmer</include>
								</control>
							</control>
							<!-- movie & episode when only this list is visible -->
							<control type="group">
								<posy>100</posy>
								<visible>[ListItem.Type(episode) | ListItem.Type(movie)] + !Control.IsVisible(11000)</visible>
								<animation effect="fade" start="100" end="50" time="300" condition="ControlGroup(7001).HasFocus">Conditional</animation>
								<control type="group">
									<include>ListItemPoster</include>
									<include>ListItemInProgress</include>
								</control>
								<control type="group">
									<visible>ListItem.Type(episode)</visible>
									<include>ListItemPosterCard</include>
									<include>ListItemPosterTitleTV2</include>
									<include>ListItemInProgress</include>
								</control>
								<control type="image">
									<visible>ControlGroup(7001).HasFocus</visible>
									<include>ListItemPosterDimmer</include>
								</control>
							</control>
						</itemlayout>
						<focusedlayout width="139" height="330">
							<!-- movie & episode when both lists are visible -->
							<control type="group">
								<posy>-3</posy>
								<visible>[ListItem.Type(episode) | ListItem.Type(movie)] + Control.IsVisible(11000)</visible>
								<include>ListItemPoster</include>
								<include>ListItemPosterSelectedBorder</include>
							</control>
							<!-- movie & episode when only this list is visible -->
							<control type="group">
								<posy>100</posy>
								<visible>[ListItem.Type(episode) | ListItem.Type(movie)] + !Control.IsVisible(11000)</visible>
								<include>ListItemPoster</include>
								<include>ListItemPosterSelectedBorder</include>
							</control>
						</focusedlayout>
					</control>
				</control>
				<!-- Recently Added (11000) -->
				<control type="group" id="7001">
					<visible allowhiddenfocus="false">true</visible>
					<height>230</height>
					<control type="fixedlist" id="11000">
						<visible allowhiddenfocus="false">false</visible>
						<orientation>horizontal</orientation>
						<ondown>300</ondown>
						<onup condition="Control.IsVisible(11001)">7002</onup>
						<onup condition="!Control.IsVisible(11001)">300</onup>
						<onright>-</onright>
						<onleft>300</onleft>
						<posx>0</posx>
						<posy>6</posy>
						<width>860</width>
						<height>330</height>
						<itemlayout width="139" height="230">
							<!-- album -->
							<control type="group">
								<visible>ListItem.Type(album)</visible>
								<include>ListItemSquareCard</include>
								<include>ListItemSquare</include>
								<include>ListItemSquareTitleArtist</include>
								<include>ListItemSquareTitleAlbum</include>
							</control>
							<!-- photos -->
							<control type="group">
								<visible>ListItem.Type(photo)</visible>
								<include>ListItemSquareCard</include>
								<include>ListItemSquare</include>
								<include>ListItemSquareTitle</include>
							</control>
							<!-- movie & episode when both lists are visible -->
							<control type="group">
								<posy>100</posy>
								<visible>[ListItem.Type(episode) | ListItem.Type(movie) | ListItem.Type(season)] + Control.IsVisible(11001)</visible>
								<animation effect="fade" start="100" end="50" time="300" condition="ControlGroup(7002).HasFocus">Conditional</animation>
								<control type="group">
									<include>ListItemPoster</include>
								</control>
								<control type="group">
									<visible>ListItem.Type(episode)</visible>
									<include>ListItemPosterCard</include>
									<include>ListItemPosterTitleTV2</include>
									<include>ListItemInProgress</include>
								</control>
								<control type="group">
									<visible>ListItem.Type(season)</visible>
									<include>ListItemPosterCard</include>
									<include>ListItemPosterTitleTV3</include>
									<include>ListItemInProgress</include>
								</control>
								<control type="image">
									<visible>ControlGroup(7002).HasFocus</visible>
									<include>ListItemPosterDimmer</include>
								</control>
							</control>
							<!-- movie & episode when only this list is visible -->
							<control type="group">
								<visible>[ListItem.Type(episode) | ListItem.Type(movie) | ListItem.Type(season)] + !Control.IsVisible(11001)</visible>
								<control type="group">
									<include>ListItemPoster</include>
								</control>
								<control type="group">
									<visible>ListItem.Type(episode)</visible>
									<include>ListItemPosterCard</include>
									<include>ListItemPosterTitleTV2</include>
									<include>ListItemInProgress</include>
								</control>
								<control type="group">
									<visible>ListItem.Type(season)</visible>
									<include>ListItemPosterCard</include>
									<include>ListItemPosterTitleTV3</include>
									<include>ListItemInProgress</include>
								</control>
							</control>
						</itemlayout>
						<focusedlayout width="139" height="230">
							<animation effect="fade" start="100" end="50" time="300" condition="ControlGroup(7002).HasFocus">Conditional</animation>
							<!-- album -->
							<control type="group">
								<visible>ListItem.Type(album)</visible>
								<include>ListItemSquareCard</include>
								<include>ListItemSquare</include>
								<include>ListItemSquareTitleArtist</include>
								<include>ListItemSquareTitleAlbum</include>
								<include>ListItemSquareSelectedBorder</include>
							</control>
							<!-- photos -->
							<control type="group">
								<visible>ListItem.Type(photo)</visible>
								<include>ListItemSquareCard</include>
								<include>ListItemSquare</include>
								<include>ListItemSquareTitle</include>
								<include>ListItemSquareSelectedBorder</include>
							</control>
							<!-- movie & episode when both lists are visible -->
							<control type="group">
								<posy>100</posy>
								<visible>[ListItem.Type(episode) | ListItem.Type(movie) | ListItem.Type(season)] + Control.IsVisible(11001)</visible>
								<include>ListItemPoster</include>
								<include>ListItemPosterSelectedBorder</include>
							</control>
							<!-- tv show episode when  only this list is visible -->
							<control type="group">
								<visible>[ListItem.Type(episode) | ListItem.Type(movie) | ListItem.Type(season)] + !Control.IsVisible(11001)</visible>
								<include>ListItemPoster</include>
								<include>ListItemPosterSelectedBorder</include>
							</control>
						</focusedlayout>
					</control>
				</control>
			</control>
			<!-- "Watch Later" & "Recommendations" -->
			<control type="grouplist" id="5200">
				<visible>true</visible>
				<posx>0</posx>
				<posy>90</posy>
				<width>890</width>
				<height>720</height>
				<ondown>5200</ondown>
				<onup>310</onup>
				<onright>350</onright>
				<onleft>350</onleft>
				<orientation>vertical</orientation>
				<!-- Watch Later (11003) -->
				<control type="group" id="7003">
					<height>230</height>
					<control type="fixedlist" id="11003">
						<visible allowhiddenfocus="false">false</visible>
						<orientation>horizontal</orientation>
						<ondown condition="Control.IsVisible(11004)">7005</ondown>
						<ondown condition="!Control.IsVisible(11004)">300</ondown>
						<onup>300</onup>
						<onright>-</onright>
						<onleft>300</onleft>
						<posx>-12</posx>
						<posy>131</posy>
						<width>880</width>
						<height>500</height>
						<itemlayout width="211" height="230">
							<!-- when both lists are visible -->
							<control type="group">
								<visible>Control.IsVisible(11004)</visible>
								<posy>-10</posy>
								<visible>ListItem.Type(clip)</visible>
								<include>ListItemWideCard</include>
								<include>ListItemWide</include>
								<include>ListItemWideTitleProvider</include>
								<include>ListItemWideTitle</include>
								<control type="image">
									<visible>ControlGroup(7005).HasFocus</visible>
									<include>ListItemWideDimmer</include>
								</control>
							</control>
							<!-- when only this list is visible -->
							<control type="group">
								<visible>!Control.IsVisible(11004)</visible>
								<posy>103</posy>
								<visible>ListItem.Type(clip)</visible>
								<include>ListItemWideCard</include>
								<include>ListItemWide</include>
								<include>ListItemWideTitleProvider</include>
								<include>ListItemWideTitle</include>
							</control>
						</itemlayout>
						<focusedlayout width="211" height="230">
							<!-- when both lists are visible -->
							<control type="group">
								<visible>Control.IsVisible(11004)</visible>
								<posy>-10</posy>
								<visible>ListItem.Type(clip)</visible>
								<include>ListItemWideCard</include>
								<include>ListItemWide</include>
								<include>ListItemWideTitleProvider</include>
								<include>ListItemWideTitle</include>
								<include>ListItemWideSelectedBorder</include>
							</control>
							<!-- when only this list is visible -->
							<control type="group">
								<visible>!Control.IsVisible(11004)</visible>
								<posy>108</posy>
								<visible>ListItem.Type(clip)</visible>
								<include>ListItemWideCard</include>
								<include>ListItemWide</include>
								<include>ListItemWideTitleProvider</include>
								<include>ListItemWideTitle</include>
								<include>ListItemWideSelectedBorder</include>
							</control>
						</focusedlayout>
					</control>
				</control>
				<!-- Recommended (11004) -->
				<control type="group" id="7005">
					<height>230</height>
					<control type="fixedlist" id="11004">
						<visible allowhiddenfocus="false">false</visible>
						<orientation>horizontal</orientation>
						<ondown>300</ondown>
						<onup condition="Control.IsVisible(11003)">7003</onup>
						<onup condition="!Control.IsVisible(11003)">300</onup>
						<onright>-</onright>
						<onleft>300</onleft>
						<posx>-12</posx>
						<posy>0</posy>
						<width>880</width>
						<height>400</height>
						<itemlayout width="211" height="230">
							<!-- when both lists are visible -->
							<control type="group">
								<visible>Control.IsVisible(11003)</visible>
								<posy>102</posy>
								<visible>ListItem.Type(clip)</visible>
								<include>ListItemWideCard</include>
								<include>ListItemWide</include>
								<include>ListItemWideTitleProvider</include>
								<include>ListItemWideTitle</include>
								<control type="image">
									<visible>ControlGroup(7003).HasFocus</visible>
									<include>ListItemWideDimmer</include>
								</control>
							</control>
							<!-- when only this list is visible -->
							<control type="group">
								<visible>!Control.IsVisible(11003)</visible>
								<posy>0</posy>
								<visible>ListItem.Type(clip)</visible>
								<include>ListItemWideCard</include>
								<include>ListItemWide</include>
								<include>ListItemWideTitleProvider</include>
								<include>ListItemWideTitle</include>
							</control>
						</itemlayout>
						<focusedlayout width="211" height="230">
							<!-- when both lists are visible -->
							<control type="group">
								<visible>Control.IsVisible(11003)</visible>
								<posy>102</posy>
								<visible>ListItem.Type(clip)</visible>
								<include>ListItemWideCard</include>
								<include>ListItemWide</include>
								<include>ListItemWideTitleProvider</include>
								<include>ListItemWideTitle</include>
								<include>ListItemWideSelectedBorder</include>
							</control>
							<!-- when only this list is visible -->
							<control type="group">
								<visible>!Control.IsVisible(11003)</visible>
								<posy>0</posy>
								<visible>ListItem.Type(clip)</visible>
								<include>ListItemWideCard</include>
								<include>ListItemWide</include>
								<include>ListItemWideTitleProvider</include>
								<include>ListItemWideTitle</include>
								<include>ListItemWideSelectedBorder</include>
							</control>
						</focusedlayout>
					</control>
				</control>
			</control>
			<!-- "Recently Used" -->
			<control type="grouplist" id="5300">
				<visible>true</visible>
				<posx>0</posx>
				<posy>226</posy>
				<width>860</width>
				<height>720</height>
				<ondown>-</ondown>
				<onup>-</onup>
				<onright>350</onright>
				<onleft>350</onleft>
				<orientation>vertical</orientation>
				<!-- RecentlyAccessed(11002) -->
				<control type="group" id="7004">
					<height>230</height>
					<control type="fixedlist" id="11002">
						<visible allowhiddenfocus="false">false</visible>
						<orientation>horizontal</orientation>
						<ondown>300</ondown>
						<onup>300</onup>
						<onright>-</onright>
						<onleft>300</onleft>
						<posx>-14</posx>
						<posy>100</posy>
						<width>880</width>
						<height>400</height>
						<itemlayout width="140" height="230">
							<!-- channel -->
							<control type="group">
								<visible>ListItem.Type(channel)</visible>
								<include>ListItemSquareCard</include>
								<include>ListItemSquare</include>
								<include>ListItemSquareTitle</include>
							</control>
						</itemlayout>
						<focusedlayout width="140" height="230">
							<!-- channel -->
							<control type="group">
								<visible>ListItem.Type(channel)</visible>
								<include>ListItemSquareCard</include>
								<include>ListItemSquare</include>
								<include>ListItemSquareTitle</include>
								<include>ListItemSquareSelectedBorder</include>
							</control>
						</focusedlayout>
						<height>200</height>
					</control>
				</control>
			</control>
			<!-- "Playlists" -->
			<control type="grouplist" id="5400">
				<visible>true</visible>
				<posx>0</posx>
				<posy>226</posy>
				<width>860</width>
				<height>720</height>
				<ondown>300</ondown>
				<onup>300</onup>
				<onright>350</onright>
				<onleft>350</onleft>
				<orientation>vertical</orientation>
				<!-- All (11005) -->
				<control type="group" id="7005">
					<height>230</height>
					<control type="fixedlist" id="11005">
						<visible allowhiddenfocus="false">false</visible>
						<orientation>horizontal</orientation>
						<ondown>300</ondown>
						<onup>300</onup>
						<onright>-</onright>
						<onleft>300</onleft>
						<posx>-6</posx>
						<posy>100</posy>
						<width>870</width>
						<height>330</height>
						<itemlayout width="140" height="230">
							<control type="group">
								<include>ListItemSquareCompositeCard</include>
								<include>ListItemSquareComposite</include>
								<include>ListItemSquareCompositeTitleServer</include>
								<include>ListItemSquareCompositeTitle</include>
							</control>
						</itemlayout>
						<focusedlayout width="140" height="230">
							<control type="group">
								<include>ListItemSquareCompositeCard</include>
								<include>ListItemSquareComposite</include>
								<include>ListItemSquareCompositeTitleServer</include>
								<include>ListItemSquareCompositeTitle</include>
								<include>ListItemSquareCompositeSelectedBorder</include>
							</control>
						</focusedlayout>
					</control>
				</control>
			</control>
			<!-- "Play Queues" -->
			<control type="grouplist" id="5500">
				<visible>true</visible>
				<posx>-3</posx>
				<posy>84</posy>
				<width>890</width>
				<height>720</height>
				<ondown>5200</ondown>
				<onup>310</onup>
				<onright>350</onright>
				<onleft>350</onleft>
				<orientation>vertical</orientation>
				<!-- Video (11007) -->
				<control type="group" id="7007">
					<height>230</height>
					<control type="fixedlist" id="11007">
						<visible allowhiddenfocus="false">false</visible>
						<orientation>horizontal</orientation>
						<onup>300</onup>
						<ondown condition="Control.IsVisible(11006)">7006</ondown>
						<ondown condition="!Control.IsVisible(11006)">300</ondown>
						<onright>-</onright>
						<onleft>300</onleft>
						<posx>0</posx>
						<posy>129</posy>
						<width>860</width>
						<height>340</height>
						<itemlayout width="139" height="230">
							<!-- movie & episode when both lists are visible -->
							<control type="group">
								<posy>-3</posy>
								<visible>Control.IsVisible(11006)</visible>
								<animation effect="fade" start="100" end="50" time="300" condition="ControlGroup(7006).HasFocus">Conditional</animation>
								<control type="group">
									<include>ListItemPoster</include>
								</control>
								<control type="group">
									<visible>ListItem.Type(episode)</visible>
									<include>ListItemPosterCard</include>
									<include>ListItemPosterTitleTV2</include>
									<include>ListItemInProgress</include>
								</control>
								<control type="group">
									<visible>ListItem.Type(season)</visible>
									<include>ListItemPosterCard</include>
									<include>ListItemPosterTitleTV3</include>
									<include>ListItemInProgress</include>
								</control>
								<control type="image">
									<visible>ControlGroup(7006).HasFocus</visible>
									<include>ListItemPosterDimmer</include>
								</control>
							</control>
							<!-- movie & episode when only this list is visible -->
							<control type="group">
								<posy>101</posy>
								<visible>!Control.IsVisible(11006)</visible>
								<control type="group">
									<include>ListItemPoster</include>
								</control>
								<control type="group">
									<visible>ListItem.Type(episode)</visible>
									<include>ListItemPosterCard</include>
									<include>ListItemPosterTitleTV2</include>
									<include>ListItemInProgress</include>
								</control>
								<control type="group">
									<visible>ListItem.Type(season)</visible>
									<include>ListItemPosterCard</include>
									<include>ListItemPosterTitleTV3</include>
									<include>ListItemInProgress</include>
								</control>
							</control>
						</itemlayout>
						<focusedlayout width="139" height="230">
							<animation effect="fade" start="100" end="50" time="300" condition="ControlGroup(7002).HasFocus">Conditional</animation>
							<!-- movie & episode when both lists are visible -->
							<control type="group">
								<posy>-3</posy>
								<visible>Control.IsVisible(11006)</visible>
								<include>ListItemPoster</include>
								<include>ListItemPosterSelectedBorder</include>
							</control>
							<!-- movie & episode when  only this list is visible -->
							<control type="group">
								<posy>101</posy>
								<visible>!Control.IsVisible(11006)</visible>
								<include>ListItemPoster</include>
								<include>ListItemPosterSelectedBorder</include>
							</control>
						</focusedlayout>
					</control>
				</control>
				<!-- Music (11006) -->
				<control type="group" id="7006">
					<visible allowhiddenfocus="false">true</visible>
					<height>230</height>
					<control type="fixedlist" id="11006">
						<visible allowhiddenfocus="false">false</visible>
						<orientation>horizontal</orientation>
						<ondown>300</ondown>
						<onup condition="Control.IsVisible(11007)">7007</onup>
						<onup condition="!Control.IsVisible(11007)">300</onup>
						<onright>-</onright>
						<onleft>300</onleft>
						<posx>0</posx>
						<posy>6</posy>
						<width>860</width>
						<height>330</height>
						<itemlayout width="139" height="330">
							<!-- music when only this list is visible -->
							<control type="group">
								<posy>-3</posy>
								<visible>!Control.IsVisible(11007)</visible>
								<include>ListItemSquareCard</include>
								<include>ListItemSquare</include>
								<include>ListItemSquareTitleArtist</include>
								<include>ListItemSquareTitle</include>
							</control>
							<!-- music when both lists are visible -->
							<control type="group">
								<posy>100</posy>
								<visible>Control.IsVisible(11007)</visible>
								<include>ListItemSquareCard</include>
								<include>ListItemSquare</include>
								<include>ListItemSquareTitleArtist</include>
								<include>ListItemSquareTitle</include>
								<control type="image">
									<visible>ControlGroup(7007).HasFocus</visible>
									<include>ListItemSquareDimmer</include>
								</control>
							</control>
						</itemlayout>
						<focusedlayout width="139" height="330">
							<!-- music when only this list is visible -->
							<control type="group">
								<posy>-3</posy>
								<visible>!Control.IsVisible(11007)</visible>
								<include>ListItemSquareCard</include>
								<include>ListItemSquare</include>
								<include>ListItemSquareTitleArtist</include>
								<include>ListItemSquareTitle</include>
								<include>ListItemSquareSelectedBorder</include>
							</control>
							<!-- music when both lists are visible -->
							<control type="group">
								<posy>100</posy>
								<visible>Control.IsVisible(11007)</visible>
								<include>ListItemSquareCard</include>
								<include>ListItemSquare</include>
								<include>ListItemSquareTitleArtist</include>
								<include>ListItemSquareTitle</include>
								<include>ListItemSquareSelectedBorder</include>
							</control>
						</focusedlayout>
					</control>
				</control>
			</control>
		</control>
		<!-- Item Full Info -->
		<control type="group">
			<include>HomeListItemFullInfo</include>
		</control>
	</include>
</includes>
