<?xml version="1.0"?>
<includes>
	<!-- basic shapes etc -->
	<include name="Base">
		<texture border="5">base.png</texture>
	</include>
	<include name="BaseRounded">
		<texture border="5">base-rounded.png</texture>
	</include>
	<include name="BaseRoundedHalf">
		<texture border="5">base-rounded-half.png</texture>
	</include>
	<include name="BaseRoundedRight">
		<texture border="5">base-rounded-half-horiz.png</texture>
	</include>
	<include name="BaseArrowInsert">
		<texture border="5">base-arrow-insert.png</texture>
	</include>
	<include name="Black">
		<include>Base</include>
		<colordiffuse>FF000000</colordiffuse>
	</include>
	<include name="Orange">
		<include>Base</include>
		<colordiffuse>orange</colordiffuse>
	</include>
	<include name="BlackRounded">
		<include>BaseRounded</include>
		<colordiffuse>FF000000</colordiffuse>
	</include>
	<include name="BlackRoundedHalf">
		<include>BaseRoundedHalf</include>
		<colordiffuse>FF000000</colordiffuse>
	</include>
	<include name="BlackRoundedRight">
		<include>BaseRoundedRight</include>
		<colordiffuse>FF000000</colordiffuse>
	</include>
	<include name="BlackArrowInsertRight">
		<include>BaseArrowInsert</include>
		<colordiffuse>FF000000</colordiffuse>
	</include>
	<include name="BlackArrowInsertLeft">
		<texture flipx="true">base-arrow-insert.png</texture>
		<colordiffuse>FF000000</colordiffuse>
	</include>
	<include name="WhiteArrowInsertRight">
		<include>BaseArrowInsert</include>
	</include>
	<include name="WhiteArrowInsertLeft">
		<texture flipx="true">base-arrow-insert.png</texture>
	</include>
	<include name="Shadow">
		<!-- add +26 in width & length of thumb size -->
		<posx>23</posx>
		<posy>37</posy>
		<aspectratio scalediffuse="true" align="center">stretch</aspectratio>
		<texture background="true" border="50">shadow.png</texture>
	</include>
	<include name="Border">
		<!-- BORDER: add 6px in width and height when applied -->
		<posx>10</posx>
		<posy>10</posy>
		<texture>transparent.png</texture>
		<bordertexture border="10">border.png</bordertexture>
		<bordersize>3</bordersize>
	</include>
	<include name="BorderBlack">
		<posx>10</posx>
		<posy>10</posy>
		<texture>transparent.png</texture>
		<bordertexture border="10">border-black.png</bordertexture>
		<bordersize>3</bordersize>
	</include>
	<include name="Card">
		<texture border="10">base-rounded-half.png</texture>
		<colordiffuse>FF000000</colordiffuse>
	</include>
	<include name="ArrowBlack">
		<texture>arrow-big.png</texture>
		<colordiffuse>FF000000</colordiffuse>
	</include>
	<include name="ArrowBlackLeft">
		<texture flipx="true">arrow-big.png</texture>
		<colordiffuse>FF000000</colordiffuse>
	</include>
	<include name="ArrowBlackUp">
		<texture>arrow-big-up.png</texture>
		<colordiffuse>FF000000</colordiffuse>
	</include>
	<include name="ArrowBlackDown">
		<texture flipy="true">arrow-big-up.png</texture>
		<colordiffuse>FF000000</colordiffuse>
	</include>
	<include name="FullScreenScaled">
		<posx>0</posx>
		<posy>0</posy>
		<width>1280</width>
		<height>720</height>
		<aspectratio>scale</aspectratio>
	</include>
	<include name="FullScreenStretched">
		<posx>0</posx>
		<posy>0</posy>
		<width>1280</width>
		<height>720</height>
		<aspectratio>stretch</aspectratio>
	</include>
	<include name="Grid">
		<control type="largeimage">
			<include>FullScreenScaled</include>
			<animation effect="fade" start="0" end="20" time="200" condition="true">Conditional</animation>
			<texture background="true">grid.png</texture>
			<visible>Skin.HasSetting(showgrid)</visible>
		</control>
	</include>
	<include name="Non16x9Cache">		
		<control type="image">
			<posy>720</posy>
			<posx>0</posx>
			<width>1280</width>
			<height>720</height>
			<texture>black.png</texture>
		</control>
	</include>
	<!-- fonts -->
	<include name="White1">
		<textcolor>white</textcolor>
		<shadowcolor>FF444444</shadowcolor>
	</include>
	<include name="OrangeFont">
		<textcolor>orange</textcolor>
		<shadowcolor>FF444444</shadowcolor>
	</include>
	<include name="WhiteShadow">
		<textcolor>white</textcolor>
		<shadowcolor>FF444444</shadowcolor>
	</include>
	<include name="White2">
		<textcolor>FFefedeb</textcolor>
		<shadowcolor>FF444444</shadowcolor>
	</include>
	<include name="Grey1">
		<textcolor>FF999999</textcolor>
		<shadowcolor>FF444444</shadowcolor>
	</include>
	<!-- POSTERS -->
	<!-- Small size posters -->
	<include name="MovieTVPosterSmall">
		<control type="image">
			<posx>0</posx>
			<posy>0</posy>
			<width>146</width>
			<height>206</height>
			<include>Shadow</include>
		</control>
		<control type="image">
			<posx>13</posx>
			<posy>13</posy>
			<width>120</width>
			<height>180</height>
			<texture background="true">default-poster-middle.png</texture>
		</control>
		<control type="image">
			<posx>13</posx>
			<posy>13</posy>
			<width>120</width>
			<height>180</height>
			<texture background="true" diffuse="mask-poster-middle.png">$INFO[ListItem.Art(smallThumb)]</texture>
			<aspectratio scalediffuse="false" align="center" aligny="top">scale</aspectratio>
		</control>
	</include>
	<include name="MovieTVPosterSmallSelectedBorder">
		<control type="image">
			<width>126</width>
			<height>186</height>
			<include>Border</include>
		</control>
	</include>
	<include name="MovieTVPosterSmallTitle">
		<posy>202</posy>
		<posx>73</posx>
		<width>120</width>
		<height>20</height>
		<align>center</align>
		<aligny>center</aligny>
		<label>$INFO[ListItem.Label]</label>
		<font>Regular-17</font>
		<shadowcolor>FF222222</shadowcolor>
	</include>
	<include name="MovieTVPosterSmallUnwatchedOverlay">
		<control type="group">
			<control type="image">
				<posx>98</posx>
				<posy>158</posy>
				<width>34</width>
				<height>34</height>
				<info>ListItem.Overlay</info>
			</control>
			<control type="label">
				<posy>161</posy>
				<posx>114</posx>
				<width>40</width>
				<height>30</height>
				<align>center</align>
				<aligny>center</aligny>
				<label>$INFO[ListItem.Property(UnWatchedEpisodes)]</label>
				<font>Bold-14</font>
				<shadowcolor>FF222222</shadowcolor>
			</control>
			<visible>[Container.PlexContent(TVShows) + [ListItem.Status(Unwatched) | ListItem.Status(InProgress)] + !Skin.HasSetting(HideUnwatchedIconsTVShows)] | [Container.PlexContent(Seasons) + [ListItem.Status(Unwatched) | ListItem.Status(InProgress)] + !Skin.HasSetting(HideUnwatchedIconsTVShows)]</visible>
		</control>
		<control type="group">
			<control type="image">
				<posx>106</posx>
				<posy>166</posy>
				<width>26</width>
				<height>26</height>
				<info>ListItem.Overlay</info>
				<visible>[Container.PlexContent(Movies) + [ListItem.Status(Unwatched) | ListItem.Status(InProgress)] + !Skin.HasSetting(HideUnwatchedIconsMovies)]</visible>
			</control>
		</control>
	</include>
	<!-- Middle size posters -->
	<include name="MovieTVPosterMiddle">
		<control type="image">
			<posx>0</posx>
			<posy>0</posy>
			<width>208</width>
			<height>300</height>
			<include>Shadow</include>
		</control>
		<control type="image">
			<posx>13</posx>
			<posy>13</posy>
			<width>185</width>
			<height>274</height>
			<texture background="true">default-poster-middle.png</texture>
		</control>
		<control type="image">
			<posx>13</posx>
			<posy>13</posy>
			<width>185</width>
			<height>274</height>
			<texture background="true" diffuse="mask-poster-middle.png">$INFO[ListItem.Art(thumb)]</texture>
			<aspectratio scalediffuse="false" align="center" aligny="top">scale</aspectratio>
		</control>
	</include>
	<include name="MovieTVPosterMiddleSelectedBorder">
		<control type="image">
			<width>192</width>
			<height>281</height>
			<include>Border</include>
		</control>
	</include>
	<include name="MovieTVPosterMiddleTitle">
		<posy>298</posy>
		<posx>105</posx>
		<width>180</width>
		<height>30</height>
		<align>center</align>
		<aligny>center</aligny>
		<label>$INFO[ListItem.Label]</label>
		<font>Regular-17</font>
		<shadowcolor>FF222222</shadowcolor>
	</include>
	<include name="MovieTVPosterMiddleUnwatchedOverlay">
		<control type="group">
			<control type="image">
				<posx>157</posx>
				<posy>246</posy>
				<info>ListItem.Overlay</info>
			</control>
			<control type="label">
				<posy>253</posy>
				<posx>176</posx>
				<width>40</width>
				<height>30</height>
				<align>center</align>
				<aligny>center</aligny>
				<label>$INFO[ListItem.Property(UnWatchedEpisodes)]</label>
				<font>Bold-16</font>
				<shadowcolor>FF222222</shadowcolor>
			</control>
			<visible>[Container.PlexContent(TVShows) + [ListItem.Status(Unwatched) | ListItem.Status(InProgress)] + !Skin.HasSetting(HideUnwatchedIconsTVShows)] | [Container.PlexContent(Seasons) + [ListItem.Status(Unwatched) | ListItem.Status(InProgress)] + !Skin.HasSetting(HideUnwatchedIconsTVShows)]</visible>
		</control>
		<control type="group">
			<control type="image">
				<posx>167</posx>
				<posy>256</posy>
				<width>30</width>
				<height>30</height>
				<info>ListItem.Overlay</info>
				<visible>[Container.PlexContent(Movies) + [ListItem.Status(Unwatched) | ListItem.Status(InProgress)] + !Skin.HasSetting(HideUnwatchedIconsMovies)]</visible>
			</control>
		</control>
	</include>
	<!-- MediaFlags -->
	<include name="MediaFlags">
		<control type="group">
			<control type="grouplist">
				<posy>688</posy>
				<posx>74</posx>
				<width>447</width>
				<align>center</align>
				<orientation>horizontal</orientation>
				<itemgap>25</itemgap>
				<!-- Default -->
				<control type="image">
					<width min="29" max="100">auto</width>
					<height>18</height>
					<texture>$INFO[Listitem.Art(mediaTag::videoResolution)]</texture>
					<aspectratio align="center" aligny="center">keep</aspectratio>
					<colordiffuse>FF999999</colordiffuse>
					<animation effect="fade" start="0" end="100" time="0" condition="true">Conditional</animation>
					<visible>true</visible>
				</control>
				<control type="image">
					<width min="29" max="100">auto</width>
					<height>18</height>
					<texture>$INFO[Listitem.Art(mediaTag::audioCodec)]</texture>
					<aspectratio align="center" aligny="center">keep</aspectratio>
					<colordiffuse>FF999999</colordiffuse>
					<animation effect="fade" start="0" end="100" time="0" condition="true">Conditional</animation>
					<visible>true</visible>
				</control>
				<control type="image">
					<width min="29" max="100">auto</width>
					<height>18</height>
					<texture>$INFO[Listitem.Art(mediaTag::audioChannels)]</texture>
					<aspectratio align="center" aligny="center">keep</aspectratio>
					<colordiffuse>FF999999</colordiffuse>
					<animation effect="fade" start="0" end="100" time="0" condition="true">Conditional</animation>
					<visible>true</visible>
				</control>
				<!-- Optional -->
				<control type="image">
					<width min="29" max="100">auto</width>
					<height>18</height>
					<texture>$INFO[Listitem.Art(mediaTag::aspectRatio)]</texture>
					<aspectratio align="center" aligny="center">keep</aspectratio>
					<colordiffuse>FF999999</colordiffuse>
					<animation effect="fade" start="0" end="100" time="0" condition="true">Conditional</animation>
					<visible>Skin.HasSetting(ShowAllMediaFlags)</visible>
				</control>
				<control type="image">
					<width min="29" max="100">auto</width>
					<height>18</height>
					<texture>$INFO[Listitem.Art(mediaTag::videoCodec)]</texture>
					<aspectratio align="center" aligny="center">keep</aspectratio>
					<colordiffuse>FF999999</colordiffuse>
					<animation effect="fade" start="0" end="100" time="0" condition="true">Conditional</animation>
					<visible>Skin.HasSetting(ShowAllMediaFlags)</visible>
				</control>
				<control type="image">
					<width min="29" max="100">auto</width>
					<height>18</height>
					<texture>$INFO[Listitem.Art(mediaTag::videoFrameRate)]</texture>
					<aspectratio align="center" aligny="center">keep</aspectratio>
					<colordiffuse>FF999999</colordiffuse>
					<animation effect="fade" start="0" end="100" time="0" condition="true">Conditional</animation>
					<visible>Skin.HasSetting(ShowAllMediaFlags)</visible>
				</control>
			</control>
			<!-- Studio -->
			<control type="image">
				<posy>672</posy>
				<posx>140r</posx>
				<width>100</width>
				<height>50</height>
				<texture>$INFO[Listitem.Art(mediaTag::studio)]</texture>
				<aspectratio align="right" aligny="center">keep</aspectratio>
				<colordiffuse>FF999999</colordiffuse>
				<animation effect="fade" start="0" end="100" time="0" condition="true">Conditional</animation>
				<visible>true</visible>
			</control>
		</control>
	</include>
	<!-- screen top bar -->
	<!-- variables for item count in top bar -->
	<variable name="TopBarItemCountStrings">
		<value condition="Container.PlexContent(TVShows)">$INFO[Container.NumItems] $LOCALIZE[31008]</value>
		<value condition="Container.PlexContent(Seasons)">$INFO[Container.NumItems] $LOCALIZE[31021]</value>
		<value condition="Container.PlexContent(Episodes)">$INFO[Container.NumItems] $LOCALIZE[20360]</value>
		<value condition="Container.PlexContent(Movies)">$INFO[Container.NumItems] $LOCALIZE[342]</value>
		<value condition="Container.PlexContent(Albums)">$INFO[Container.NumItems] $LOCALIZE[132]</value>
		<value condition="Container.PlexContent(Artists)">$INFO[Container.NumItems] $LOCALIZE[133]</value>
		<value condition="Container.PlexContent(Songs)">$INFO[Container.NumItems] $LOCALIZE[134]</value>
		<value condition="Container.Content(genres)">$INFO[Container.NumItems] $LOCALIZE[135]</value>
		<value condition="Container.PlexContent(Photos)">$INFO[Container.NumItems] $LOCALIZE[1213]</value>
		<value condition="Window.IsActive(1) + !IsEmpty(Container.SecondTitle)">$INFO[Container.NumItems] $LOCALIZE[31970]</value>
	</variable>
	<variable name="TopBarSelectedItemStrings">
		<value condition="Window.IsActive(videossettings)">$LOCALIZE[31606] $LOCALIZE[31610]</value>
		<value condition="Window.IsActive(appearancesettings)">$LOCALIZE[31606] $LOCALIZE[31601]</value>
		<value condition="Window.IsActive(musicsettings)">$LOCALIZE[31606] $LOCALIZE[31002]</value>
		<value condition="Window.IsActive(picturessettings)">$LOCALIZE[31606] $LOCALIZE[31003]</value>
		<value condition="Window.IsActive(systemsettings)">$LOCALIZE[31606] $LOCALIZE[31006]</value>
		<value condition="Window.IsActive(networksettings)">$LOCALIZE[31606] $LOCALIZE[31602]</value>
		<value condition="Window.IsActive(skinsettings)">$LOCALIZE[31606] $LOCALIZE[31603]</value>
		<value>$INFO[ListItem.Label]</value>
	</variable>
	<!-- variable for default description when no plot available -->
	<variable name="NoPlotDefaultItem">
		<value condition="Container.PlexContent(Songs)">$LOCALIZE[31230]</value>
		<value condition="Container.PlexContent(Albums) + IsEmpty(Container.Property(primaryFilterActivated))">$LOCALIZE[31229]</value>
		<value condition="Container.PlexContent(Albums) + !IsEmpty(Container.Property(primaryFilterActivated))">$LOCALIZE[31230]</value>
		<value condition="Container.PlexContent(Photos) + ListItem.Type(photo)">$LOCALIZE[31704]</value>
		<value condition="Container.PlexContent(Photos) + ListItem.Type(photoAlbum)">$LOCALIZE[31230]</value>
		<value condition="Container.PlexContent(PhotoAlbums)">$LOCALIZE[31704]</value>
		<value condition="Container.PlexContent(Movie) | Container.PlexContent(Movies)">$LOCALIZE[31142]</value>
		<value condition="Container.Content(tvshow)">$LOCALIZE[31143]</value>
		<value condition="Container.PlexContent(Seasons)">$LOCALIZE[31143]</value>
		<value condition="Container.PlexContent(Episodes)">$LOCALIZE[31143]</value>
		<value condition="Container.PlexContent(Episode)">$LOCALIZE[31114]</value>
		<value condition="Container.PlexContent(Channels)">$LOCALIZE[32107]</value>
		<value condition="Container.PlexContent(Clip) | Container.PlexContent(Homemovies)">$LOCALIZE[31144]</value>
		<value condition="Window.IsActive(mysharedcontent)">$LOCALIZE[32108]</value>		
		<value condition="Container.PlexContent(MixedContent) + ListItem.Type(episode)">$LOCALIZE[31143]</value>
		<value condition="Container.PlexContent(MixedContent) + ListItem.Type(movie)">$LOCALIZE[31142]</value>
		<value condition="Container.PlexContent(MixedContent) + ListItem.Type(clip)">$LOCALIZE[31144]</value>
		<value>Item</value>
	</variable>
	<include name="TopBar">
		<!-- bg -->
		<control type="largeimage">
			<posy>0</posy>
			<posx>0</posx>
			<width>1280</width>
			<height>50</height>
			<include>Black</include>
		</control>
		<!-- Clock -->
		<include>Clock</include>
		<!-- Selected title -->
		<control type="group">
			<posy>0</posy>
			<posx>300</posx>
			<control type="label">
				<width>680</width>
				<height>49</height>
				<align>center</align>
				<font>Regular-17</font>
				<label>$VAR[TopBarSelectedItemStrings]</label>
				<textcolor>FF999999</textcolor>
			</control>
		</control>
		<!-- item count -->
		<control type="group">
			<posy>0</posy>
			<posx>30r</posx>
			<control type="label">
				<width>500</width>
				<height>49</height>
				<align>right</align>
				<font>Regular-17</font>
				<label>$VAR[TopBarItemCountStrings]</label>
				<textcolor>FF999999</textcolor>
			</control>
		</control>
	</include>
	<!-- global search-->
	<include name="GlobalSearch">
		<control type="image">
			<posy>75</posy>
			<posx>-217</posx>
			<width>184</width>
			<height>32</height>
			<aspectratio>keep</aspectratio>
			<texture>left-menu-search-field-bg.png</texture>
			<animation effect="fade" start="100" end="0" time="100" condition="Window.IsActive(10202)">Conditional</animation>
		</control>
	</include>
	<!-- plot formatting -->
	<include name="PlotFormat">
		<posy>410</posy>
		<posx>560</posx>
		<width>685</width>
		<height>200</height>
		<font>Plot</font>
		<include>White2</include>
		<shadowcolor>ff111111</shadowcolor>
		<autoscroll delay="10000" time="3000" repeat="5000">!Control.HasFocus(13)</autoscroll>
	</include>
	<include name="Plot">
		<label>Lorem ipsum dolor sit amet, consectetur adipisicing elit, sed do eiusmod tempor incididunt ut labore et dolore magna aliqua. Ut enim ad minim veniam, quis nostrud exercitation ullamco laboris nisi ut aliquip ex ea commodo consequat. Duis aute irure dolor in reprehenderit in voluptate velit esse cillum dolore eu fugiat nulla pariatur. Excepteur sint occaecat cupidatat non proident, sunt in culpa qui officia deserunt mollit anim id est laborum. Sed ut perspiciatis unde omnis iste natus error sit voluptatem accusantium doloremque laudantium, totam rem aperiam, eaque ipsa quae ab illo inventore veritatis et quasi architecto beatae vitae dicta sunt explicabo. Nemo enim ipsam voluptatem quia voluptas sit aspernatur aut odit aut fugit, sed quia consequuntur magni dolores eos qui ratione voluptatem sequi nesciunt. Neque porro quisquam est, qui dolorem ipsum quia dolor sit amet, consectetur, adipisci velit, sed quia non numquam eius modi tempora incidunt ut labore et dolore magnam aliquam quaerat voluptatem. Ut enim ad minima veniam, quis nostrum exercitationem ullam corporis suscipit laboriosam, nisi ut aliquid ex ea commodi consequatur? Quis autem vel eum iure reprehenderit qui in ea voluptate velit esse quam nihil molestiae consequatur, vel illum qui dolorem eum fugiat quo voluptas nulla pariatur?</label>
		<autoscroll delay="10000" time="3000" repeat="5000">!Control.HasFocus(13)</autoscroll>
	</include>
	<include name="NoPlotDefault">
		<label>$LOCALIZE[32103]$VAR[NoPlotDefaultItem]. $LOCALIZE[32104]</label>
	</include>
	<!-- clock -->
	<include name="Clock">
		<control type="group">
			<visible>System.UserIsInHome</visible>
			<posx>1180</posx>
			<control type="label">
				<label>$INFO[System.Time(short_no_meridian)]</label>
				<width>200</width>
				<align>right</align>
				<height>68</height>
				<font>Regular-17</font>
				<textcolor>FF999999</textcolor>
			</control>
		</control>
		<control type="group">
			<visible>!System.UserIsInHome</visible>
			<animation effect="slide" start="0" end="391" time="400" tween="out" condition="Control.IsVisible(999)">Conditional</animation>
			<posx>30</posx>
			<control type="label">
				<label>$INFO[System.Time(short_no_meridian)]</label>
				<width>200</width>
				<height>68</height>
				<font>Regular-17</font>
				<textcolor>FF999999</textcolor>
			</control>
		</control>
	</include>
	<!-- scroll letter offset -->
	<include name="scrollOffset">
		<control type="group">
			<visible>Container.Scrolling</visible>
			<animation effect="slide" time="500" delay="400" tween="circle" easing="out" start="0,300" end="0,0">Visible</animation>
			<animation effect="slide" time="100" tween="circle" easing="in" start="0,0" end="0,300">Hidden</animation>
			<control type="group">
				<posy>610</posy>
				<posx>190r</posx>
				<control type="image">
					<description>Background</description>
					<width>100</width>
					<height>85</height>
					<include>DialogBG</include>
				</control>
				<control type="image">
					<description>Background border</description>
					<width>102</width>
					<height>87</height>
					<include>DialogBorder</include>
				</control>
				<control type="image">
					<description>Dialog arrow</description>
					<posx>35</posx>
					<posy>85</posy>
					<include>DialogArrow</include>
				</control>
				<control type="label">
					<posx>0</posx>
					<posy>10</posy>
					<height>60</height>
					<width>100</width>
					<aligny>center</aligny>
					<align>center</align>
					<font>Bold-52</font>
					<shadowcolor>FF222222</shadowcolor>
					<textcolor>white</textcolor>
					<label>$INFO[ListItem.SortLetter]</label>
				</control>
			</control>
		</control>
	</include>
	<include name="UnavailableIndicator">
		<control type="group">
			<visible>!IsEmpty(ListItem.Property(Unavailable))</visible>
			<control type="image">
				<posy>5</posy>
				<width>210</width>
				<height>26</height>
				<texture>b-unavailable.png</texture>
			</control>
			<control type="label">
				<posy>6</posy>
				<width>210</width>
				<height>26</height>
				<align>center</align>
				<aligny>center</aligny>
				<label>$LOCALIZE[32109]</label>
				<include>LeftInfoFormatGrey</include>
			</control>
		</control>
	</include>
	<!-- animations -->
	<include name="FadeQuick">
		<animation effect="fade" start="0" end="100" time="100">Visible</animation>
		<animation effect="fade" start="100" end="0" time="100">Hidden</animation>
		<animation effect="fade" start="0" end="100" time="100">WindowOpen</animation>
		<animation effect="fade" start="100" end="0" time="100">WindowClose</animation>
	</include>
	<include name="WindowFade">
		<control type="group">
			<control type="image">
				<include>Black</include>
				<include>FullScreenStretched</include>
			</control>
			<animation effect="fade" start="100" end="0" time="800" condition="true">WindowOpen</animation>
			<animation effect="fade" start="0" end="100" time="100" condition="true">WindowClose</animation>
		</control>
	</include>
</includes>
