<?xml version="1.0"?>
<window id="99">
	<defaultcontrol>777</defaultcontrol>
	<views>70</views>
	<allowoverlay>yes</allowoverlay>
	<onload>Skin.SetString(SectionType,channels)</onload>
	<onunload>SetFocus(777)</onunload>
	<onunload>Skin.Reset(SectionType)</onunload>
	<controls>
		<!-- bg's (Backgrounds.xml) -->
		<include>BGGrainy</include>
		<include>BGFanart</include>
		<include>BGOverlay</include>
		<!-- views (ViewsChannels.xml) -->
		<!-- Channels ID 70 -->
		<include>Channels</include>
		<!-- Scroll Offset -->
		<include>scrollOffset</include>
		<!-- top-level ui (LeftSidemenu.xml & IncludesGlobals.xml & Debug.xml) -->
		<!--><include>LeftSideMenu</include>-->
		<!--<include>TopBar</include>-->
		<include>debugInfos</include>
		<include>Grid</include>
		<include>WindowFade</include>
		<include>Non16x9Cache</include>
	</controls>
</window>
