<?xml version="1.0"?>
<window id="501">
	<defaultcontrol>777</defaultcontrol>
	<views>40,52,53,54,70,73,99,58</views>
	<allowoverlay>yes</allowoverlay>
	<onload>Skin.SetString(SectionType,music)</onload>
	<onunload>SetFocus(777)</onunload>
	<onunload>Skin.Reset(SectionType)</onunload>
	<controls>
		<!-- bg's (Backgrounds.xml) -->
		<include>BGGrainy</include>
		<include>BGFanart</include>
		<include>BGOverlay</include>
		<!-- views (ViewsMusic.xml & ViewsChannels.xml) -->
		<!-- ByFolder ID 40 -->
		<include>ByFolder</include>
		<!-- Channels ID 70 -->
		<include>Channels</include>
		<!-- Channel generic ID 99 -->
		<include>Channel</include>
		<!-- Channel music ID 73 -->
		<include>ChannelMusic</include>
		<!-- LibraryMusic ID 52 -->		
		<include>LibraryMusic</include>
		<!-- List ID 58 -->
		<include>List</include>
		<!-- Scroll Offset -->
		<include>scrollOffset</include>
		<!-- Item Full Info -->
		<control type="group">
			<include>ListItemFullInfo</include>
		</control>
		<!-- top-level ui (LeftSidemenu.xml & IncludesGlobals.xml & Debug.xml) -->
		<include>LeftSideMenu</include>
		<!--<include>TopBar</include>-->
		<include>debugInfos</include>
		<include>Grid</include>
		<include>WindowFade</include>
		<include>Non16x9Cache</include>
	</controls>
</window>
