<?xml version="1.0"?>
<window id="2">
	<defaultcontrol>777</defaultcontrol>
	<views>40,70,71,72,51,52,99,58</views>
	<allowoverlay>yes</allowoverlay>
	<onload>Skin.SetString(SectionType,photos)</onload>
	<onunload>SetFocus(777)</onunload>
	<onunload>Skin.Reset(SectionType)</onunload>
	<controls>
		<!-- bg's (Backgrounds.xml) -->
		<include>BGGrainy</include>
		<include>BGFanart</include>
		<include>BGOverlay</include>
		<!-- views (ViewsPhoto.xml & ViewsChannels.xml) -->
		<!-- ByFolder ID 40 -->
		<include>ByFolder</include>
		<!-- Channels ID 70 -->
		<include>Channels</include>
		<!-- ChannelPhoto ID 72 -->
		<!--><include>ChannelPhoto</include>-->
		<!-- Channel generic ID 99 -->
		<include>Channel</include>
		<!-- LibraryPhoto ID 51 -->
		<include>LibraryPhoto</include>
		<include>AlbumPhoto</include>
		<!-- List ID 58 -->
		<include>List</include>
		<!-- Scroll Offset -->
		<include>scrollOffset</include>
		<!-- Item Full Info -->
		<control type="group">
			<include>ListItemFullInfo</include>
		</control>
		<!-- top-level ui (LeftSidemenu.xml & IncludesGlobals.xml & Debug.xml) -->
		<include>LeftSideMenu</include>
		<!--<include>TopBar</include>-->
		<include>debugInfos</include>
		<include>Grid</include>
		<include>WindowFade</include>
		<include>Non16x9Cache</include>
	</controls>
</window>
