﻿<?xml version="1.0"?>
<window id="10093">
	<defaultcontrol always="false">100</defaultcontrol>
	<allowoverlay>yes</allowoverlay>
	<controls>
		<!-- bg's -->
		<include>BeginnersBackground</include>
		<include>SlideshowDimmed</include>
		<control type="image">
			<width>1280</width>
			<height>100</height>
			<include>Black</include>
			<animation effect="fade" start="0" end="20" time="0" condition="true">Conditional</animation>
		</control>
		<!-- header title & description text -->
		<control type="group">
			<posx>60</posx>
			<posy>50</posy>
			<width>1160</width>
			<!-- header title -->
			<control type="label">
				<visible>!IsEmpty(ListItem.Property(WizardWelcome))</visible>
				<width>1160</width>
				<include>DialogHeading</include>
				<label>$LOCALIZE[32001]</label>
				<textcolor>orangeLight</textcolor>
			</control>
			<control type="label">
				<visible>!IsEmpty(ListItem.Property(WizardAudio))</visible>
				<width>1160</width>
				<include>DialogHeading</include>
				<label>$LOCALIZE[32001]</label>
				<textcolor>orangeLight</textcolor>
			</control>
			<control type="label">
				<visible>!IsEmpty(ListItem.Property(WizardMyPlex))</visible>
				<width>1160</width>
				<include>DialogHeading</include>
				<label>$LOCALIZE[32001]</label>
				<textcolor>orangeLight</textcolor>
			</control>
		</control>
		<!-- welcome -->
		<control type="group" id="100">
			<visible>!IsEmpty(ListItem.Property(WizardWelcome))</visible>
			<posx>70</posx>
			<posy>160</posy>
			<width>750</width>
			<!-- myplex logo -->
			<control type="image">
				<description>Poster image</description>
				<posx>0</posx>
				<posy>40</posy>
				<width>350</width>
				<height>280</height>
				<texture>plex-chevron-alone-middle.png</texture>
				<aspectratio scalediffuse="false" align="center" aligny="top">keep</aspectratio>
			</control>
			<!-- description text -->
			<control type="textbox" id="2">
				<posy>30</posy>
				<posx>380</posx>
				<width>700</width>
				<height>300</height>
				<align>left</align>
				<font>PINdescription</font>
				<label>$LOCALIZE[32003]</label>
			</control>
			<control type="group">
				<posy>440</posy>
				<posx>-100</posx>
				<control type="group">
					<control type="image">
						<description>button bg</description>
						<posx>0</posx>
						<width>1500</width>
						<height>80</height>
						<include>Black</include>
						<animation effect="fade" start="0" end="20" time="0" condition="true">Conditional</animation>
					</control>
				</control>
				<control type="group" id="120">
					<posy>15</posy>
					<posx>-100r</posx>
					<control type="button" id="121">
						<description>Button</description>
						<width>120</width>
						<onleft>-</onleft>
						<onright>-</onright>
						<onup>-</onup>
						<onclick>Control.SetFocus(210)</onclick>
						<label>Next</label>
						<include>DialogPressButton</include>
					</control>
				</control>
			</control>
		</control>
		<!-- audio connector selection assets -->
		<control type="group" id="200">
			<visible>!IsEmpty(ListItem.Property(WizardAudio))</visible>
			<posx>100</posx>
			<posy>120</posy>
			<width>750</width>
			<!-- description text -->
			<control type="textbox" id="2">
				<posy>30</posy>
				<posx>70</posx>
				<width>1000</width>
				<height>140</height>
				<align>left</align>
				<font>PINdescription</font>
				<label>$LOCALIZE[32000]</label>
				<visible>!IsEmpty(ListItem(0).Property(HDMI))</visible>
			</control>
			<control type="textbox" id="2">
				<posy>30</posy>
				<posx>20</posx>
				<width>1050</width>
				<height>140</height>
				<align>left</align>
				<font>PINdescription</font>
				<label>$LOCALIZE[32000]</label>
				<visible>IsEmpty(ListItem(0).Property(HDMI))</visible>
			</control>
			<control type="group">
				<posy>140</posy>
				<!-- audio connector images -->
				<control type="group">
					<posx>0</posx>
					<posy>0</posy>
					<control type="image">
						<description>analog</description>
						<width>290</width>
						<height>130</height>
						<texture>audio-analog.jpg</texture>
						<aspectratio scalediffuse="false" align="center">keep</aspectratio>
						<visible>IsEmpty(ListItem(0).Property(HDMI))</visible>
					</control>
					<control type="image">
						<description>optical</description>
						<posy>150</posy>
						<width>290</width>
						<height>130</height>
						<texture>audio-optical.jpg</texture>
						<aspectratio scalediffuse="false" align="center">keep</aspectratio>
						<visible>IsEmpty(ListItem(0).Property(HDMI))</visible>
					</control>
					<control type="image">
						<description>analog</description>
						<width>290</width>
						<height>80</height>
						<texture>audio-analog.jpg</texture>
						<aspectratio scalediffuse="false" align="center">keep</aspectratio>
						<visible>!IsEmpty(ListItem(0).Property(HDMI))</visible>
					</control>
					<control type="image">
						<description>optical</description>
						<posy>100</posy>
						<width>290</width>
						<height>80</height>
						<texture>audio-optical.jpg</texture>
						<aspectratio scalediffuse="false" align="center">keep</aspectratio>
						<visible>!IsEmpty(ListItem(0).Property(HDMI))</visible>
					</control>
					<control type="image">
						<description>hdmi</description>
						<posy>200</posy>
						<width>290</width>
						<height>80</height>
						<texture>audio-hdmi.jpg</texture>
						<aspectratio scalediffuse="false" align="center">keep</aspectratio>
						<visible>!IsEmpty(ListItem(0).Property(HDMI))</visible>
					</control>
				</control>
				<!-- audio connector selection list -->
				<!-- show this list if HDMI detected -->
				<control type="grouplist" id="210">
					<visible allowhiddenfocus="false">!IsEmpty(ListItem(0).Property(HDMI))</visible>
					<posx>290</posx>
					<posy>0</posy>
					<width>790</width>
					<height>400</height>
					<onup>210</onup>
					<ondown>220</ondown>
					<onleft>-</onleft>
					<onright>-</onright>
					<itemgap>20</itemgap>
					<control type="radiobutton" id="211">
						<width>770</width>
						<height>80</height>
						<textoffsetx>20</textoffsetx>
						<label>Analog / Built-in speakers</label>
						<textcolor>FFefedeb</textcolor>
						<shadowcolor>FF111111</shadowcolor>
						<radioposx>720</radioposx>
					</control>
					<control type="radiobutton" id="212">
						<width>770</width>
						<height>80</height>
						<textoffsetx>20</textoffsetx>
						<label>Optical Audio Connection</label>
						<textcolor>FFefedeb</textcolor>
						<shadowcolor>FF111111</shadowcolor>
						<radioposx>720</radioposx>
					</control>
					<control type="radiobutton" id="213">
						<width>770</width>
						<height>80</height>
						<textoffsetx>20</textoffsetx>
						<label>HDMI Audio Connection</label>
						<textcolor>FFefedeb</textcolor>
						<shadowcolor>FF111111</shadowcolor>
						<radioposx>720</radioposx>
					</control>
				</control>
				<!-- show this list if no HDMI detected -->
				<control type="grouplist" id="210">
					<visible allowhiddenfocus="false">IsEmpty(ListItem(0).Property(HDMI))</visible>
					<posx>290</posx>
					<posy>0</posy>
					<width>790</width>
					<height>400</height>
					<onup>210</onup>
					<ondown>220</ondown>
					<onleft>-</onleft>
					<onright>-</onright>
					<itemgap>20</itemgap>
					<control type="radiobutton" id="211">
						<width>770</width>
						<height>130</height>
						<textoffsetx>20</textoffsetx>
						<label>Analog / Built-in speakers</label>
						<textcolor>FFefedeb</textcolor>
						<shadowcolor>FF111111</shadowcolor>
						<radioposx>720</radioposx>
					</control>
					<control type="radiobutton" id="212">
						<width>770</width>
						<height>130</height>
						<textoffsetx>20</textoffsetx>
						<label>Optical Audio Connection</label>
						<textcolor>FFefedeb</textcolor>
						<shadowcolor>FF111111</shadowcolor>
						<radioposx>720</radioposx>
					</control>
				</control>
			</control>
			<!-- buttons area -->
			<control type="group">
				<posy>480</posy>
				<posx>-100</posx>
				<control type="group">
					<control type="image">
						<description>button bg</description>
						<posx>0</posx>
						<width>1280</width>
						<height>80</height>
						<include>Black</include>
						<animation effect="fade" start="0" end="20" time="0" condition="true">Conditional</animation>
					</control>
				</control>
				<control type="group" id="220">
					<posy>15</posy>
					<posx>-100r</posx>
					<control type="button" id="121">
						<description>Button</description>
						<width>120</width>
						<onleft>-</onleft>
						<onright>-</onright>
						<onup>210</onup>
						<label>Next</label>
						<include>DialogPressButton</include>
					</control>
				</control>
			</control>
		</control>
		<!-- top-level ui (Debug.xml) -->
		<include>debugInfos</include>
		<include>Grid</include>
		<include>WindowFade</include>
		<include>Non16x9Cache</include>
	</controls>
</window>
