<?xml version="1.0"?>
<window id="130">
	<defaultcontrol always="true">5</defaultcontrol>
	<allowoverlay>no</allowoverlay>
	<controls>
		<include>Background</include>
		<include>HomeRightOverlay</include>
		<!-- Submenu blade -->
		<control type="group">
			<posx>754</posx>
			<posy>351</posy>
			<control type="image">
				<description>Submenu Background Image</description>
				<posx>44</posx>
				<posy>-351</posy>
				<include>HomeSubMenuBlade</include>
			</control>
			<control type="radiobutton" id="4">
				<description>default_radio_button</description>
				<posx>70</posx>
				<width>217</width>
				<label>$LOCALIZE[20096]</label>
				<onleft>-</onleft>
				<onright>-</onright>
				<onup>-</onup>
				<ondown>2</ondown>
			</control>
			<control type="image">
				<posx>75</posx>
				<posy>43</posy>
				<width>217</width>
				<height>43</height>
				<texture>HomeBladeSubFO2.png</texture>
				<align>left</align>
				<aligny>center</aligny>
			</control>
			<control type="label" id="1000">
				<posx>115</posx>
				<posy>43</posy>
				<posy>-</posy>
				<width>217</width>
				<height>43</height>
				<align>left</align>
				<aligny>center</aligny>
				<font>HomeSubMenuFont</font>
				<textcolor>HomeSubFocus</textcolor>
				<scroll>true</scroll>
			</control>
		</control>
		<!-- Main control area -->
		<control type="image">
			<include>SettingsCentreBladeBG</include>
		</control>
		<control type="image">
			<description>Submenu Background Image</description>
			<include>SettingsCentreBlade</include>
		</control>
		<control type="group">
			<description>Control Area</description>
			<posx>100</posx>
			<posy>150</posy>
			<width>750</width>
			<control type="grouplist" id="5">
				<description>control_area</description>
				<posx>105</posx>
				<posy>65</posy>
				<width>625</width>
				<height>400</height>
				<onup>-</onup>
				<ondown>28</ondown>
				<onleft>-</onleft>
				<onright>-</onright>
				<itemgap>0</itemgap>
			</control>
			<control type="button" id="7">
				<description>default_button</description>
				<posx>0</posx>
				<posy>-10</posy>
				<width>600</width>
				<height>43</height>
				<include>MenuItemNFTextureNF</include>
				<texturefocus aspectratio="stretch">MenuItemFO.png</texturefocus>
				<textcolor>Unfocused</textcolor>
				<focusedcolor>Focused</focusedcolor>
				<disabledcolor>Unfocused</disabledcolor>
				<font>MediumDefaultFont</font>
				<textoffsetx>45</textoffsetx>
				<align>left</align>
				<aligny>center</aligny>
			</control>
			<control type="radiobutton" id="8">
				<description>default_radio_button</description>
				<width>600</width>
			</control>
			<control type="spincontrolex" id="9">
				<description>default_spincontrol</description>
				<width>600</width>
			</control>
			<control type="button" id="28">
				<description>ok button</description>
				<posx>105</posx>
				<posy>390</posy>
				<width>626</width>
				<height>43</height>
				<onup>5</onup>
				<ondown>29</ondown>
				<onleft>-</onleft>
				<onright>-</onright>
				<include>MenuItemNFTextureNF</include>
				<texturefocus aspectratio="stretch">MenuItemFO.png</texturefocus>
				<textcolor>Unfocused</textcolor>
				<focusedcolor>Focused</focusedcolor>
				<disabledcolor>Unfocused</disabledcolor>
				<font>MediumDefaultFont</font>
				<textoffsetx>45</textoffsetx>
				<align>left</align>
				<aligny>center</aligny>
				<label>$LOCALIZE[186]</label>
			</control>
			<control type="button" id="29">
				<description>cancel button</description>
				<posx>105</posx>
				<posy>433</posy>
				<width>626</width>
				<height>43</height>
				<onup>28</onup>
				<ondown>-</ondown>
				<onleft>-</onleft>
				<onright>-</onright>
				<include>MenuItemNFTextureNF</include>
				<texturefocus aspectratio="stretch">MenuItemFO.png</texturefocus>
				<textcolor>Unfocused</textcolor>
				<focusedcolor>Focused</focusedcolor>
				<disabledcolor>Unfocused</disabledcolor>
				<font>MediumDefaultFont</font>
				<textoffsetx>45</textoffsetx>
				<align>left</align>
				<aligny>center</aligny>
				<label>$LOCALIZE[222]</label>
			</control>
		</control>
		<control type="image">
			<posx>256</posx>
			<posy>80</posy>
			<width>120</width>
			<height>120</height>
			<texture border="12">ThumbBorder.png</texture>
			<aspectratio>stretch</aspectratio>
		</control>
		<control type="image" id="2">
			<posx>266</posx>
			<posy>90</posy>
			<width>98</width>
			<height>98</height>
			<texture>unknown-user.png</texture>
			<colordiffuse>ffffffff</colordiffuse>
			<aspectratio>keep</aspectratio>
		</control>
		<control type="label">
			<description>Title label</description>
			<posx>780</posx>
			<posy>100</posy>
			<width>700</width>
			<scroll>true</scroll>
			<align>right</align>
			<label>$LOCALIZE[31901]</label>
			<font>XLargeDefaultCapsFont</font>
			<textcolor>Focused</textcolor>
		</control>
		<control type="label">
			<description>Title label2</description>
			<posx>780</posx>
			<posy>130</posy>
			<width>700</width>
			<scroll>true</scroll>
			<align>right</align>
			<label>$LOCALIZE[31902]</label>
			<font>XXXLargeTitleCapsFont</font>
			<textcolor>Focused</textcolor>
		</control>
		<control type="label" id="1001">
			<description>profile directory label</description>
			<posx>255</posx>
			<posy>631</posy>
			<width>565</width>
			<scroll>true</scroll>
			<align>left</align>
			<font>MediumDefaultCapsFont</font>
			<textcolor>Focused</textcolor>
		</control>
		<!-- Blades -->
		<control type="group" id="1000">
			<control type="image">
				<description>Background Image Left Blade</description>
				<posx>-620</posx>
				<posy>0</posy>
				<width>846</width>
				<height>720</height>
				<texture border="0,0,500,0">HomeBladeLeft.png</texture>
			</control>
		</control>
		<!-- Widgets -->
		<control type="group">
			<posx>0</posx>
			<posy>0</posy>
			<include>Clock</include>
		</control>
	</controls>
</window>
