<?xml version="1.0"?>
<window>
	<defaultcontrol always="true">101</defaultcontrol>
	<allowoverlay>no</allowoverlay>
	<controls>
		<!-- bg's -->
		<include>SlideshowSettings</include>
		<include>SettingsBG</include>
		<!-- categories menu (top) -->
		<include>SettingsCategoryMenu</include>
		<!-- settings menu (left) -->
		<control type="group" id="302">
			<control type="list" id="101">
				<posy>135</posy>
				<posx>120</posx>
				<width>350</width>
				<onup>1000</onup>
				<ondown>101</ondown>
				<onleft>Plex.ActivateWindow(4997)</onleft>
				<onright>5</onright>
				<height>500</height>
				<scrolltime>200</scrolltime>
				<itemlayout width="300" height="50">
					<control type="image">
						<posx>0</posx>
						<posy>0</posy>
						<width>300</width>
						<height>50</height>
						<texture border="5">border-bottom-grey.png</texture>
					</control>
					<control type="label">
						<posx>20</posx>
						<posy>0</posy>
						<width>300</width>
						<font>Bold-18</font>
						<height>50</height>
						<align>left</align>
						<aligny>center</aligny>
						<info>ListItem.Label</info>
						<textcolor>Unfocused</textcolor>
					</control>
				</itemlayout>
				<focusedlayout width="300" height="50">
					<control type="image">
						<posx>0</posx>
						<posy>0</posy>
						<width>300</width>
						<height>50</height>
						<texture border="5">black-bottom-grey.png</texture>
					</control>
					<control type="label">
						<posx>20</posx>
						<posy>0</posy>
						<width>300</width>
						<font>Bold-18</font>
						<height>50</height>
						<align>left</align>
						<aligny>center</aligny>
						<info>ListItem.Label</info>
						<textcolor>orangeLight</textcolor>
					</control>
				</focusedlayout>
				<content>
					<item id="1">
						<description>General</description>
						<label>$LOCALIZE[31604]</label>
						<onclick>SetFocus(201)</onclick>
					</item>
				</content>
			</control>
			<!-- a hack for highlighting the parent category while in settings list -->
			<control type="group">
				<control type="image">
					<posx>120</posx>
					<posy>135</posy>
					<width>300</width>
					<height>50</height>
					<texture border="5">black-bottom-grey.png</texture>
					<animation effect="fade" start="0" end="40" time="0" condition="true">Conditional</animation>
					<visible>ControlGroup(201).HasFocus</visible>
				</control>
				<control type="label">
					<description>General</description>
					<posx>140</posx>
					<posy>135</posy>
					<width>300</width>
					<font>Bold-18</font>
					<height>50</height>
					<align>left</align>
					<aligny>center</aligny>
					<label>$LOCALIZE[31604]</label>
					<textcolor>orangeLight</textcolor>
					<visible>ControlGroup(201).HasFocus</visible>
				</control>
				<control type="image">
					<posx>120</posx>
					<posy>185</posy>
					<width>300</width>
					<height>50</height>
					<texture border="5">black-bottom-grey.png</texture>
					<animation effect="fade" start="0" end="40" time="0" condition="true">Conditional</animation>
					<visible>ControlGroup(202).HasFocus</visible>
				</control>
				<control type="label">
					<description>General</description>
					<posx>140</posx>
					<posy>265</posy>
					<width>300</width>
					<font>Bold-18</font>
					<height>50</height>
					<align>left</align>
					<aligny>center</aligny>
					<label>$LOCALIZE[31605]</label>
					<textcolor>orangeLight</textcolor>
					<visible>ControlGroup(202).HasFocus</visible>
				</control>
			</control>
		</control>
		<!-- Main control area -->
		<control type="group" id="5">
			<posx>400</posx>
			<posy>135</posy>
			<!-- General Options -->
			<control type="grouplist" id="201">
				<posy>0</posy>
				<posx>105</posx>
				<width>625</width>
				<height>450</height>
				<onup>201</onup>
				<onleft>101</onleft>
				<itemgap>0</itemgap>
				<pagecontrol>61</pagecontrol>
				<visible allowhiddenfocus="false">Container(101).HasFocus(1) | ControlGroup(201).HasFocus()</visible>
				<orientation>vertical</orientation>
				<control type="radiobutton" id="211">
					<description>Show Big Posters View in Sections</description>
					<width>625</width>
					<label>$LOCALIZE[32113]</label>
					<onclick>Skin.ToggleSetting(ShowBigPostersLibraryView)</onclick>
					<selected>Skin.HasSetting(ShowBigPostersLibraryView)</selected>
				</control>
				<control type="radiobutton" id="212">
					<description>Hide plot for Unwatched/In Progress</description>
					<width>625</width>
					<label>$LOCALIZE[32114]</label>
					<onclick>Skin.ToggleSetting(HidePlotForUnwatched)</onclick>
					<selected>Skin.HasSetting(HidePlotForUnwatched)</selected>
				</control>
				<control type="radiobutton" id="213">
					<description>Hide Unwatched indicators for Movies</description>
					<width>625</width>
					<label>$LOCALIZE[32115]</label>
					<onclick>Skin.ToggleSetting(HideUnwatchedIconsMovies)</onclick>
					<selected>Skin.HasSetting(HideUnwatchedIconsMovies)</selected>
				</control>
				<control type="radiobutton" id="214">
					<description>Hide Unwatched indicators for TV</description>
					<width>625</width>
					<label>$LOCALIZE[32116]</label>
					<onclick>Skin.ToggleSetting(HideUnwatchedIconsTVShows)</onclick>
					<selected>Skin.HasSetting(HideUnwatchedIconsTVShows)</selected>
				</control>
				<control type="radiobutton" id="215">
					<description>Show Now playing in viz description</description>
					<width>625</width>
					<label>$LOCALIZE[31984]</label>
					<onclick>Skin.ToggleSetting(HideNowPlayingInViz)</onclick>
					<selected>!Skin.HasSetting(HideNowPlayingInViz)</selected>
				</control>
				<control type="radiobutton" id="216">
					<description>Show Extended Media flags in preplays</description>
					<width>625</width>
					<label>$LOCALIZE[32117]</label>
					<onclick>Skin.ToggleSetting(ShowAllMediaFlags)</onclick>
					<selected>Skin.HasSetting(ShowAllMediaFlags)</selected>
				</control>
				<control type="radiobutton" id="217">
					<description>Hide Quit and Shutdown from Home menu</description>
					<width>625</width>
					<label>$LOCALIZE[32118]</label>
					<onclick>Skin.ToggleSetting(HideQuitShutdown)</onclick>
					<selected>Skin.HasSetting(HideQuitShutdown)</selected>
				</control>
				<control type="radiobutton" id="218">
					<description>Hide Slideshows</description>
					<width>625</width>
					<label>$LOCALIZE[32119]</label>
					<onclick>Skin.ToggleSetting(HideFanart)</onclick>
					<selected>Skin.HasSetting(HideFanart)</selected>
				</control>
				<control type="radiobutton" id="219">
					<description>Hide Secure Server Icons</description>
					<width>625</width>
					<label>$LOCALIZE[32120]</label>
					<onclick>Skin.ToggleSetting(DontIndicateSecureServers)</onclick>
					<selected>Skin.HasSetting(DontIndicateSecureServers)</selected>
				</control>
			</control>
			<!-- Scrollbar -->
			<control type="scrollbar" id="61">
				<description>Scroll Bar</description>
				<posx>735</posx>
				<posy>60</posy>
			</control>
		</control>
		<!-- top-level ui (LeftSidemenu.xml & IncludesGlobals.xml & Debug.xml) -->
		<include>LeftSideMenuSettings</include>
		<!--<include>TopBar</include>-->
		<include>debugInfos</include>
		<include>Grid</include>
		<include>WindowFade</include>
		<include>Non16x9Cache</include>
	</controls>
</window>
