<?xml version="1.0"?>
<window id="2005">
	<defaultcontrol>702</defaultcontrol>
	<controls>
		<!-- codec info -->
		<control type="group" id="0">
			<posx>0</posx>
			<posy>20</posy>
			<animation effect="fade" time="200">VisibleChange</animation>
			<control type="image">
				<description>bg</description>
				<posx>0</posx>
				<posy>-250</posy>
				<width>1280</width>
				<height>420</height>
				<texture>black.png</texture>
			</control>
			<control type="label" id="10">
				<description>row 1 label</description>
				<posx>50</posx>
				<posy>10</posy>
				<width>1180</width>
				<height>30</height>
				<align>left</align>
				<aligny>center</aligny>
				<font>Regular-18</font>
				<label>-</label>
			</control>
			<control type="label" id="11">
				<description>row 2 label</description>
				<posx>50</posx>
				<posy>55</posy>
				<width>1180</width>
				<height>30</height>
				<align>left</align>
				<aligny>center</aligny>
				<font>Regular-18</font>
				<label>-</label>
			</control>
			<control type="label" id="12">
				<description>row 3 label</description>
				<posx>50</posx>
				<posy>100</posy>
				<width>1180</width>
				<height>30</height>
				<align>left</align>
				<aligny>center</aligny>
				<font>Regular-18</font>
				<label>-</label>
			</control>
		</control>
		<include>debugInfos</include>
		<include>Grid</include>
	</controls>
</window>
