<?xml version="1.0"?>
<includes>
	<!-- Library -->
	<include name="LibraryPostersBigger">
		<!-- Library Movies & TV Shows -->
		<control type="group" id="777">
			<include>FadeDialog</include>
			<visible>!Container.PlexContent(Secondary) + [Container.PlexContent(Movies) | Container.PlexContent(TVShows)]</visible>
			<include>rightSideSlide</include>
			<control type="panel" id="51">
				<visible>!Container.PlexContent(Secondary) + [Container.PlexContent(Movies) | Container.PlexContent(TVShows)]</visible>
				<viewtype label="LibraryPostersBigger">panel</viewtype>
				<onup>51</onup>
				<ondown>51</ondown>
				<onright>Container.NextViewMode</onright>
				<onleft>998</onleft>
				<orientation>vertical</orientation>
				<posx>102</posx>
				<posy>28</posy>
				<width>1200</width>
				<height>670</height>
				<itemlayout width="234" height="335">
					<include>MovieTVPosterMiddle</include>
					<control type="label">
						<include>MovieTVPosterMiddleTitle</include>
					</control>
					<include>MovieTVPosterMiddleUnwatchedOverlay</include>
				</itemlayout>
				<focusedlayout width="234" height="335">
					<include>MovieTVPosterMiddle</include>
					<control type="label">
						<include>MovieTVPosterMiddleTitle</include>
						<textcolor>orangeLight</textcolor>
					</control>
					<include>MovieTVPosterMiddleUnwatchedOverlay</include>
					<include>MovieTVPosterMiddleSelectedBorder</include>
				</focusedlayout>
			</control>
		</control>
	</include>
	<include name="LibraryPosters">
		<!-- Library Movies & TV Shows -->
		<control type="group" id="777">
			<include>FadeDialog</include>
			<visible>!Container.PlexContent(Secondary) + [Container.PlexContent(Movies) | Container.PlexContent(TVShows)]</visible>
			<include>rightSideSlide</include>
			<control type="panel" id="50">
				<visible>!Container.PlexContent(Secondary) + [Container.PlexContent(Movies) | Container.PlexContent(TVShows)]</visible>
				<viewtype label="LibraryPosters">panel</viewtype>
				<onup>50</onup>
				<ondown>50</ondown>
				<onright>Container.NextViewMode</onright>
				<onleft>998</onleft>
				<orientation>vertical</orientation>
				<posx>100</posx>
				<posy>28</posy>
				<width>1200</width>
				<height>666</height>
				<itemlayout width="144" height="220">
					<include>MovieTVPosterSmall</include>
					<control type="label">
						<include>MovieTVPosterSmallTitle</include>
					</control>
					<include>MovieTVPosterSmallUnwatchedOverlay</include>
				</itemlayout>
				<focusedlayout width="144" height="220">
					<include>MovieTVPosterSmall</include>
					<control type="label">
						<include>MovieTVPosterSmallTitle</include>
						<textcolor>orangeLight</textcolor>
					</control>
					<include>MovieTVPosterSmallUnwatchedOverlay</include>
					<include>MovieTVPosterSmallSelectedBorder</include>
				</focusedlayout>
			</control>
		</control>
	</include>
	<!-- THUMBS -->
	<!-- filtered episodes -->
	<include name="EpisodeThumbFiltered">
		<control type="image">
			<posx>0</posx>
			<posy>0</posy>
			<width>295</width>
			<height>132</height>
			<include>Shadow</include>
		</control>
		<control type="image">
			<posx>13</posx>
			<posy>13</posy>
			<width>269</width>
			<height>106</height>
			<texture background="true">default-thumb-small.png</texture>
			<aspectratio scalediffuse="false" align="center" aligny="top">scale</aspectratio>
		</control>
		<control type="image">
			<posx>13</posx>
			<posy>13</posy>
			<width>269</width>
			<height>106</height>
			<texture background="true" diffuse="mask-wide-big.png">$INFO[ListItem.Art(fanart)]</texture>
			<aspectratio scalediffuse="false" align="center" aligny="top">scale</aspectratio>
		</control>
	</include>
	<include name="EpisodeThumbCardFiltered">
		<control type="image">
			<posx>13</posx>
			<posy>117</posy>
			<width>269</width>
			<height>50</height>
			<include>Card</include>
			<animation effect="fade" start="0" end="40" time="0" condition="true">Conditional</animation>
		</control>
		<control type="image">
			<posx>13</posx>
			<posy>141</posy>
			<width>269</width>
			<height>26</height>
			<include>Card</include>
			<animation effect="fade" start="0" end="40" time="0" condition="true">Conditional</animation>
		</control>
	</include>
	<include name="EpisodeTitleFiltered">
		<posy>122</posy>
		<posx>20</posx>
		<width>255</width>
		<height>20</height>
		<align>left</align>
		<aligny>center</aligny>
		<label>$INFO[ListItem.TVShowTitle]</label>
		<font>Regular-14</font>
		<shadowcolor>ff222222</shadowcolor>
	</include>
	<include name="EpisodeSecondTitleFiltered">
		<control type="label">
			<posy>145</posy>
			<posx>20</posx>
			<width>159</width>
			<height>20</height>
			<align>left</align>
			<aligny>center</aligny>
			<label>$INFO[ListItem.Label]</label>
			<font>Regular-14</font>
			<shadowcolor>ff222222</shadowcolor>
		</control>
	</include>
	<include name="EpisodeDateFiltered">
		<control type="label">
			<posy>145</posy>
			<posx>10r</posx>
			<width>90</width>
			<height>20</height>
			<align>right</align>
			<aligny>center</aligny>
			<label>$INFO[ListItem.Date]</label>
			<font>Regular-14</font>
			<textcolor>FF999999</textcolor>
			<shadowcolor>ff222222</shadowcolor>
		</control>
	</include>
	<include name="EpisodeThumbOverlayFiltered">
		<control type="image">
			<posx>13</posx>
			<posy>81</posy>
			<width>269</width>
			<height>38</height>
			<include>Black</include>
			<animation effect="fade" start="0" end="40" time="0" condition="true">Conditional</animation>
		</control>
	</include>
	<include name="EpisodeSelectedBorderFiltered">
		<control type="image">
			<posx>12</posx>
			<posy>13</posy>
			<width>271</width>
			<height>156</height>
			<include>Border</include>
		</control>
	</include>
	<include name="EpisodeThumbOverlayTitle2Filtered">
		<posy>89</posy>
		<posx>20</posx>
		<width>180</width>
		<height>30</height>
		<align>left</align>
		<aligny>center</aligny>
		<label>S$INFO[ListItem.Season]&#xB7;E$INFO[ListItem.Episode]</label>
		<font>Bold-26</font>
		<shadowcolor>ff222222</shadowcolor>
	</include>
	<!-- Pre-play Filtered Episodes -->
	<include name="LibraryFilteredEpisodes">
		<control type="group" id="777">
			<visible>[Container.PlexContent(Episodes) + IsEmpty(Container.Property(PlexPreplay))] + !IsEmpty(Container.Property(primaryFilterActivated))</visible>
			<include>FadeDialog</include>
			<include>rightSideSlide</include>
			<!-- main list -->
			<control type="panel" id="62">
				<visible>[Container.PlexContent(Episodes) + IsEmpty(Container.Property(PlexPreplay))] + !IsEmpty(Container.Property(primaryFilterActivated))</visible>
				<viewtype label="LibraryFilteredEpisodes">panel</viewtype>
				<onup>62</onup>
				<ondown>62</ondown>
				<onright>Container.NextViewMode</onright>
				<onleft>998</onleft>
				<orientation>vertical</orientation>
				<posx>100</posx>
				<posy>27</posy>
				<width>1280</width>
				<height>665</height>
				<itemlayout width="285" height="165">
					<include>EpisodeThumbCardFiltered</include>
					<include>EpisodeThumbFiltered</include>
					<control type="label">
						<include>EpisodeTitleFiltered</include>
					</control>
					<include>EpisodeSecondTitleFiltered</include>
					<include>EpisodeDateFiltered</include>
					<include>EpisodeThumbOverlayFiltered</include>
					<control type="label">
						<include>EpisodeThumbOverlayTitle2Filtered</include>
						<textcolor>white</textcolor>
					</control>
					<control type="image">
						<posx>248</posx>
						<posy>86</posy>
						<width>30</width>
						<height>30</height>
						<info>ListItem.Overlay</info>
					</control>
				</itemlayout>
				<focusedlayout width="285" height="165">
					<include>EpisodeThumbCardFiltered</include>
					<include>EpisodeThumbFiltered</include>
					<control type="label">
						<include>EpisodeTitleFiltered</include>
						<textcolor>orange</textcolor>
					</control>
					<include>EpisodeSecondTitleFiltered</include>
					<include>EpisodeDateFiltered</include>
					<include>EpisodeThumbOverlayFiltered</include>
					<control type="label">
						<include>EpisodeThumbOverlayTitle2Filtered</include>
						<textcolor>orange</textcolor>
					</control>
					<control type="image">
						<posx>248</posx>
						<posy>86</posy>
						<width>30</width>
						<height>30</height>
						<info>ListItem.Overlay</info>
					</control>
					<include>EpisodeSelectedBorderFiltered</include>
				</focusedlayout>
			</control>
		</control>
	</include>
</includes>
