<?xml version="1.0"?>
<includes>
	<!-- buttons -->
	<include name="OSDRepeatButton">
		<control type="image">
			<width>37</width>
			<height>24</height>
			<texture>b-repeat2.png</texture>
			<visible>!Control.HasFocus(708) + !Playlist.IsRepeat + !Playlist.IsRepeatOne</visible>
			<colordiffuse>FFCCCCCC</colordiffuse>
		</control>
		<control type="image">
			<width>37</width>
			<height>24</height>
			<texture>b-repeat-one2.png</texture>
			<visible>!Control.HasFocus(708) + Playlist.IsRepeatOne</visible>
			<colordiffuse>orange</colordiffuse>
		</control>
		<control type="image">
			<width>37</width>
			<height>24</height>
			<texture>b-repeat-all2.png</texture>
			<visible>!Control.HasFocus(708) + Playlist.IsRepeat</visible>
			<colordiffuse>orange</colordiffuse>
		</control>
		<control type="image">
			<width>37</width>
			<height>24</height>
			<texture>b-repeat2.png</texture>
			<visible>Control.HasFocus(708) + !Playlist.IsRepeat + !Playlist.IsRepeatOne</visible>
			<colordiffuse>orangeLight</colordiffuse>
		</control>
		<control type="image">
			<width>37</width>
			<height>24</height>
			<texture>b-repeat-one2.png</texture>
			<visible>Control.HasFocus(708) + Playlist.IsRepeatOne</visible>
			<colordiffuse>orangeLight</colordiffuse>
		</control>
		<control type="image">
			<width>37</width>
			<height>24</height>
			<texture>b-repeat-all2.png</texture>
			<visible>Control.HasFocus(708) + Playlist.IsRepeat</visible>
			<colordiffuse>orangeLight</colordiffuse>
		</control>
		<control type="button" id="708">
			<width>37</width>
			<height>24</height>
			<onleft condition="Window.IsActive(playercontrols) | Window.IsActive(nowplaying)">715</onleft>
			<onleft condition="Window.IsActive(plexplayqueue)">714</onleft>
			<onright>710</onright>
			<texturefocus>-</texturefocus>
			<texturenofocus>-</texturenofocus>
			<onclick>XBMC.PlayerControl(Repeat)</onclick>
			<onup condition="Window.IsActive(plexplayqueue) | Window.IsActive(playercontrols)">555</onup>
			<ondown condition="Window.IsActive(plexplayqueue) | Window.IsActive(playercontrols)">555</ondown>
			<visible allowhiddenfocus="true">Control.HasFocus(708)</visible>
		</control>
	</include>
	<include name="OSDPreviousButton">
		<control type="image">
			<width>22</width>
			<height>22</height>
			<texture>b-previous.png</texture>
			<visible>!Control.HasFocus(710)</visible>
			<colordiffuse>FFCCCCCC</colordiffuse>
		</control>
		<control type="button" id="710">
			<width>22</width>
			<height>22</height>
			<texturefocus>b-previous.png</texturefocus>
			<texturenofocus>b-previous.png</texturenofocus>
			<onleft>708</onleft>
			<onright>711</onright>
			<onup condition="Window.IsActive(plexplayqueue) | Window.IsActive(playercontrols)">555</onup>
			<ondown condition="Window.IsActive(plexplayqueue) | Window.IsActive(playercontrols)">555</ondown>
			<onclick>PlayerControl(Previous)</onclick>
			<visible allowhiddenfocus="true">Control.HasFocus(710)</visible>
			<colordiffuse>orange</colordiffuse>
		</control>
	</include>
	<include name="OSDPlayButton">
		<control type="image">
			<width>20</width>
			<height>22</height>
			<texture>b-pause2.png</texture>
			<visible>!Control.HasFocus(711) + !Player.Paused</visible>
			<colordiffuse>FFCCCCCC</colordiffuse>
		</control>
		<control type="image">
			<width>20</width>
			<height>22</height>
			<texture>b-play2.png</texture>
			<visible>!Control.HasFocus(711) + Player.Paused</visible>
			<colordiffuse>FFCCCCCC</colordiffuse>
		</control>
		<control type="togglebutton" id="711">
			<width>20</width>
			<height>22</height>
			<texturefocus>b-pause2.png</texturefocus>
			<usealttexture>Player.Paused | Player.Forwarding | Player.Rewinding</usealttexture>
			<alttexturefocus>b-play2.png</alttexturefocus>
			<onleft>710</onleft>
			<onright>712</onright>
			<onup condition="Window.IsActive(plexplayqueue) | Window.IsActive(playercontrols)">555</onup>
			<ondown condition="Window.IsActive(plexplayqueue) | Window.IsActive(playercontrols)">555</ondown>
			<onclick>PlayerControl(Play)</onclick>
			<visible allowhiddenfocus="true">Control.HasFocus(711)</visible>
			<colordiffuse>orange</colordiffuse>
		</control>
	</include>
	<include name="OSDNextButton">
		<control type="image">
			<width>22</width>
			<height>22</height>
			<texture>b-next.png</texture>
			<visible>!Control.HasFocus(712)</visible>
			<colordiffuse>FFCCCCCC</colordiffuse>
		</control>
		<control type="button" id="712">
			<width>22</width>
			<height>22</height>
			<texturefocus>b-next.png</texturefocus>
			<texturenofocus>b-next.png</texturenofocus>
			<onleft>711</onleft>
			<onright>713</onright>
			<onup condition="Window.IsActive(plexplayqueue)">54</onup>
			<ondown condition="Window.IsActive(plexplayqueue)">54</ondown>
			<onup condition="Window.IsActive(playercontrols)">3</onup>
			<ondown condition="Window.IsActive(playercontrols)">3</ondown>
			<onclick>PlayerControl(Next)</onclick>
			<visible allowhiddenfocus="true">Control.HasFocus(712)</visible>
			<colordiffuse>orange</colordiffuse>
		</control>
	</include>
	<include name="OSDStopButton">
		<control type="image">
			<width>23</width>
			<height>23</height>
			<texture>b-stop3.png</texture>
			<visible>!Control.HasFocus(713)</visible>
			<colordiffuse>FFCCCCCC</colordiffuse>
		</control>
		<control type="button" id="713">
			<width>23</width>
			<height>23</height>
			<texturefocus>b-stop3.png</texturefocus>
			<texturenofocus>b-stop3.png</texturenofocus>
			<onleft>712</onleft>
			<onright condition="Window.IsActive(playercontrols) | Window.IsActive(plexplayqueue)">714</onright>
			<onright condition="Window.IsActive(nowplaying)">715</onright>
			<onup condition="Window.IsActive(plexplayqueue)">54</onup>
			<ondown condition="Window.IsActive(plexplayqueue)">54</ondown>
			<onup condition="Window.IsActive(playercontrols)">3</onup>
			<ondown condition="Window.IsActive(playercontrols)">3</ondown>
			<onclick>PlayerControl(Stop)</onclick>
			<onclick>Dialog.Close(playercontrols)</onclick>
			<visible allowhiddenfocus="true">Control.HasFocus(713)</visible>
			<colordiffuse>orange</colordiffuse>
		</control>
	</include>
	<include name="OSDPlayerButton">
		<control type="image">
			<width>39</width>
			<height>22</height>
			<texture>b-nowplaying3.png</texture>
			<visible>!Control.HasFocus(714)</visible>
			<colordiffuse>FFCCCCCC</colordiffuse>
		</control>
		<control type="button" id="714">
			<width>39</width>
			<height>22</height>
			<texturefocus>b-nowplaying3.png</texturefocus>
			<texturenofocus>b-nowplaying3.png</texturenofocus>
			<onleft>713</onleft>
			<onright condition="Window.IsActive(playercontrols)">715</onright>
			<onright condition="Window.IsActive(plexplayqueue)">555</onright>
			<onup condition="Window.IsActive(plexplayqueue) | Window.IsActive(playercontrols)">555</onup>
			<ondown condition="Window.IsActive(plexplayqueue) | Window.IsActive(playercontrols)">555</ondown>
			<onclick>fullscreen</onclick>
			<visible allowhiddenfocus="true">Control.HasFocus(714)</visible>
			<colordiffuse>orange</colordiffuse>
		</control>
	</include>
	<include name="OSDPlayqueueButton">
		<control type="image">
			<width>20</width>
			<height>20</height>
			<texture>b-list.png</texture>
			<visible>!Control.HasFocus(715)</visible>
			<colordiffuse>FFCCCCCC</colordiffuse>
		</control>
		<control type="button" id="715">
			<width>20</width>
			<height>20</height>
			<texturefocus>b-list.png</texturefocus>
			<texturenofocus>-</texturenofocus>
			<onleft condition="Window.IsActive(playercontrols)">714</onleft>
			<onleft condition="Window.IsActive(nowplaying)">713</onleft>
			<onright condition="Window.IsActive(plexplayqueue) | Window.IsActive(playercontrols)">555</onright>
			<onright condition="Window.IsActive(nowplaying)">708</onright>
			<onup condition="Window.IsActive(plexplayqueue) | Window.IsActive(playercontrols)">555</onup>
			<ondown condition="Window.IsActive(plexplayqueue) | Window.IsActive(playercontrols)">555</ondown>
			<enable>System.PlexPlayQueue(music)</enable>
			<onclick>Dialog.Close(PlayerControls)</onclick>
			<onclick>ReplaceWindow(10094, plexserver://playqueue/audio)</onclick>
			<visible allowhiddenfocus="true">Control.HasFocus(715)</visible>
			<colordiffuse>orange</colordiffuse>
		</control>
	</include>
	<!-- DialogFullScreenInfo.xml -->
	<include name="VideoPresentation">
		<control type="group">
			<visible>!Window.IsVisible(2901)</visible>
			<control type="group">
				<posx>20</posx>
				<posy>490</posy>
				<!-- bg -->
				<control type="image">
					<width>1240</width>
					<height>150</height>
					<texture border="10" flipy="true">base-rounded-half.png</texture>
					<colordiffuse>FF000000</colordiffuse>
					<animation effect="fade" start="0" end="60" time="0" condition="true">Conditional</animation>
				</control>
				<control type="group">
					<control type="image">
						<posx>7</posx>
						<posy>-166</posy>
						<width>208</width>
						<height>300</height>
						<include>Shadow</include>
					</control>
					<control type="image">
						<posx>20</posx>
						<posy>-153</posy>
						<width>182</width>
						<height>274</height>
						<texture background="true" diffuse="mask-poster-middle.png">default-poster-middle.png</texture>
						<aspectratio scalediffuse="false" align="center" aligny="top">scale</aspectratio>
					</control>
					<control type="image">
						<posx>20</posx>
						<posy>-153</posy>
						<width>182</width>
						<height>274</height>
						<texture background="true" diffuse="mask-poster-middle.png">$INFO[Player.Art(poster)]</texture>
						<aspectratio scalediffuse="false" align="center" aligny="top">scale</aspectratio>
					</control>
				</control>
				<control type="group">
					<posx>220</posx>
					<control type="label" id="1">
						<posy>-80</posy>
						<width>1000</width>
						<label>$INFO[VideoPlayer.TVShowTitle] &#xB7; S$INFO[VideoPlayer.Season]&#xB7;E$INFO[VideoPlayer.Episode]</label>
						<align>left</align>
						<include>White2</include>
						<font>Bold-36</font>
						<visible>!IsEmpty(VideoPlayer.TVShowTitle)</visible>
					</control>
					<control type="label" id="1">
						<posy>-30</posy>
						<width>1000</width>
						<label>$INFO[VideoPlayer.Title]</label>
						<align>left</align>
						<textcolor>white</textcolor>
						<font>Bold-36</font>
						<shadowcolor>FF222222</shadowcolor>
					</control>
					<control type="textbox" id="8">
						<posy>10</posy>
						<width>1000</width>
						<height>115</height>
						<label>$INFO[VideoPlayer.Plot]</label>
						<include>Plot</include>
					</control>
					<control type="textbox">
						<posy>10</posy>
						<width>1000</width>
						<height>115</height>
						<include>NoPlotDefault</include>
						<include>Plot</include>
						<visible>IsEmpty(VideoPlayer.Plot)</visible>
					</control>
				</control>
			</control>
			<include>VideoSeek</include>
		</control>
	</include>
	<!-- DialogSeekBar.xml -->
	<!-- variables for "VideoSeek" -->
	<variable name="SeekingLabels">
		<value condition="Player.Seeking">SEEKING</value>
		<value condition="Player.Caching">CACHING</value>
		<value condition="Player.DisplayAfterSeek + ![Player.Forwarding | Player.Rewinding]">$INFO[Player.SeekOffset]</value>
		<value condition="Player.DisplayAfterSeek + ![Player.Forwarding | Player.Rewinding] + Player.Paused">PAUSED $INFO[Player.SeekOffset]</value>
		<value condition="Player.Forwarding2x">FORWARDING 2x</value>
		<value condition="Player.Forwarding4x">FORWARDING 4x</value>
		<value condition="Player.Forwarding8x">FORWARDING 8x</value>
		<value condition="Player.Forwarding16x">FORWARDING 16x</value>
		<value condition="Player.Forwarding32x">FORWARDING 32x</value>
		<value condition="Player.Rewinding2x">REWINDING 2x</value>
		<value condition="Player.Rewinding4x">REWINDING 4x</value>
		<value condition="Player.Rewinding8x">REWINDING 8x</value>
		<value condition="Player.Rewinding16x">REWINDING 16x</value>
		<value condition="Player.Rewinding32x">REWINDING 32x</value>
	</variable>
	<include name="VideoSeek">
		<visible>!Window.IsActive(2901) + !Player.Caching</visible>
		<control type="group">
			<animation effect="slide" end="0,40" time="0" condition="Skin.String(AspectRatio,16:10)">Conditional</animation>
			<posx>20</posx>
			<posy>635</posy>
			<!-- bg's -->
			<control type="group">
				<!-- bg -->
				<control type="image">
					<width>1240</width>
					<height>60</height>
					<texture border="10">base-rounded.png</texture>
					<colordiffuse>FF000000</colordiffuse>
					<animation effect="fade" start="0" end="100" time="0" condition="true">Conditional</animation>
				</control>
			</control>
			<!-- infos -->
			<control type="group">
				<posy>10</posy>
				<posx>20</posx>
				<!-- top row -->
				<control type="group">
					<posy>7</posy>
					<!-- clock -->
					<control type="label">
						<width>200</width>
						<align>left</align>
						<font>Regular-16</font>
						<label>$INFO[System.Time(short_no_meridian)]</label>
						<textcolor>FF666666</textcolor>
					</control>
					<!-- finish time -->
					<control type="label">
						<posx>1200</posx>
						<width>200</width>
						<align>right</align>
						<font>Regular-16</font>
						<label>$INFO[Player.FinishTime]</label>
						<textcolor>FF666666</textcolor>
					</control>
				</control>
				<!-- bottom row -->
				<control type="group">
					<posy>30</posy>
					<!-- time in media -->
					<control type="label">
						<width>200</width>
						<align>left</align>
						<font>Regular-16</font>
						<label>$INFO[Player.Time]</label>
						<textcolor>white</textcolor>
					</control>
					<!-- duration -->
					<control type="label">
						<posx>1200</posx>
						<width>200</width>
						<align>right</align>
						<font>Regular-16</font>
						<label>$INFO[Player.Duration]</label>
						<textcolor>white</textcolor>
					</control>
				</control>
			</control>
			<!-- seeking/paused labels -->
			<control type="group">
				<posy>-20</posy>
				<posx>20</posx>
				<control type="label">
					<width>200</width>
					<align>left</align>
					<font>Bold-18</font>
					<label>$VAR[SeekingLabels]</label>
					<textcolor>white</textcolor>
					<visible>!Window.IsActive(142)</visible>
				</control>
			</control>
			<!-- cache bar TEST -->
			<!-- not very interesting to be honest, shows only when in video player window (not during the wait before the video player window opens), and the cache fills up very quickly once available, so... -->
			<!--><control type="progress">
				<description>Progressbar</description>
				<posx>100</posx>
				<posy>-20</posy>
				<width>1040</width>
				<info>Player.CacheLevel</info>
			</control>-->
			<!-- progress bar -->
			<control type="progress">
				<description>Progressbar</description>
				<posx>100</posx>
				<posy>20</posy>
				<width>1040</width>
				<info>Player.Progress</info>
			</control>
		</control>
	</include>
	<!-- VideoOSD.xml -->
	<include name="VideoOSD">
		<control type="group" id="1111">
			<animation effect="slide" end="0,30" time="0" condition="Skin.String(AspectRatio,16:10)">Conditional</animation>
			<visible>![Window.IsActive(OSDVideoSettings) | Window.IsActive(OSDAudioSettings)]</visible>
			<animation effect="fade" start="0" end="100" time="100" condition="Visible">Conditional</animation>
			<animation effect="fade" start="100" end="0" time="100" condition="Hidden">Conditional</animation>
			<animation effect="fade" start="0" end="100" time="100" condition="WindowOpen">Conditional</animation>
			<animation effect="fade" start="100" end="0" time="100" condition="WindowClose">Conditional</animation>
			<posx>20</posx>
			<posy>601</posy>
			<!-- bg's -->
			<control type="group">
				<!-- top bg -->
				<control type="image">
					<width>1240</width>
					<height>60</height>
					<texture border="10" flipy="true">base-rounded-half.png</texture>
					<colordiffuse>FF000000</colordiffuse>
					<animation effect="fade" start="0" end="100" time="0" condition="true">Conditional</animation>
				</control>
				<!-- bottom bg -->
				<control type="image">
					<posy>60</posy>
					<width>1240</width>
					<height>36</height>
					<include>Card</include>
					<animation effect="fade" start="0" end="60" time="0" condition="true">Conditional</animation>
				</control>
				<!-- arrow up -->
				<control type="image">
					<posx>605</posx>
					<posy>-14</posy>
					<include>ArrowBlackUp</include>
				</control>
			</control>
			<!-- infos -->
			<control type="group">
				<posx>20</posx>
				<!-- top row -->
				<control type="group">
					<posy>28</posy>
					<!-- clock -->
					<control type="label">
						<width>200</width>
						<align>left</align>
						<font>Regular-18</font>
						<label>$INFO[System.Time(short_no_meridian)]</label>
						<textcolor>FF666666</textcolor>
					</control>
					<!-- finish time -->
					<control type="label">
						<posx>1200</posx>
						<width>200</width>
						<align>right</align>
						<font>Regular-16</font>
						<label>$INFO[Player.FinishTime]</label>
						<textcolor>FF666666</textcolor>
					</control>
				</control>
				<!-- bottom row -->
				<control type="group">
					<posy>78</posy>
					<!-- time in media -->
					<control type="label">
						<width>200</width>
						<align>left</align>
						<font>Regular-18</font>
						<label>$INFO[Player.Time]</label>
						<textcolor>white</textcolor>
					</control>
					<!-- duration -->
					<control type="label">
						<posx>1200</posx>
						<width>200</width>
						<align>right</align>
						<font>Regular-18</font>
						<label>$INFO[Player.Duration]</label>
						<textcolor>white</textcolor>
					</control>
				</control>
			</control>
			<!-- seeking/paused labels -->
			<control type="group">
				<posy>-20</posy>
				<posx>20</posx>
				<visible>!Control.HasFocus(999)</visible>
				<!-- time in media -->
				<control type="label">
					<width>200</width>
					<align>left</align>
					<font>Bold-18</font>
					<label>$VAR[SeekingLabels]</label>
					<textcolor>white</textcolor>
				</control>
			</control>
			<!-- buttons -->
			<control type="group" id="200">
				<posx>270</posx>
				<posy>5</posy>
				<visible allowhiddenfocus="true">ControlGroup(200).HasFocus</visible>
				<!-- play/pause -->
				<control type="image">
					<posy>13</posy>
					<posx>341</posx>
					<width>20</width>
					<height>22</height>
					<texture>b-pause2.png</texture>
					<visible>!Control.HasFocus(711) + !Player.Paused</visible>
					<colordiffuse>FF666666</colordiffuse>
				</control>
				<control type="image">
					<posy>13</posy>
					<posx>341</posx>
					<width>20</width>
					<height>22</height>
					<texture>b-play2.png</texture>
					<visible>!Control.HasFocus(711) + Player.Paused</visible>
					<colordiffuse>FF666666</colordiffuse>
				</control>
				<control type="togglebutton" id="711">
					<posy>13</posy>
					<posx>341</posx>
					<width>20</width>
					<height>22</height>
					<texturefocus>b-pause2.png</texturefocus>
					<usealttexture>Player.Paused | Player.Forwarding | Player.Rewinding</usealttexture>
					<alttexturefocus>b-play2.png</alttexturefocus>
					<onleft>713</onleft>
					<onright>714</onright>
					<onup>200</onup>
					<ondown>200</ondown>
					<onclick>PlayerControl(Play)</onclick>
					<visible allowhiddenfocus="true">Control.HasFocus(711)</visible>
					<colordiffuse>orange</colordiffuse>
				</control>
				<!-- audio selection -->
				<control type="group">
					<posy>12</posy>
					<posx>-103</posx>
					<control type="label">
						<posy>0</posy>
						<posx>-20</posx>
						<width>165</width>
						<height>24</height>
						<label>$INFO[VideoPlayer.AudioStream]</label>
						<font>Regular-16</font>
						<textcolor>FF666666</textcolor>
						<shadowcolor>FF000000</shadowcolor>
						<visible>!Control.HasFocus(720)</visible>
					</control>
					<control type="label">
						<posy>0</posy>
						<posx>-20</posx>
						<width>165</width>
						<height>24</height>
						<label>$INFO[VideoPlayer.AudioStream]</label>
						<font>Regular-16</font>
						<textcolor>white</textcolor>
						<shadowcolor>FF000000</shadowcolor>
						<visible>Control.HasFocus(720)</visible>
					</control>
					<control type="image">
						<posy>-1</posy>
						<posx>-60</posx>
						<width>26</width>
						<height>24</height>
						<texture>b-audio2.png</texture>
						<visible>!Control.HasFocus(720)</visible>
						<colordiffuse>FF666666</colordiffuse>
					</control>
					<control type="button" id="720">
						<posy>-1</posy>
						<posx>-60</posx>
						<width>26</width>
						<height>24</height>
						<texturefocus>b-audio2.png</texturefocus>
						<texturenofocus>b-audio2.png</texturenofocus>
						<onleft>719</onleft>
						<onright>721</onright>
						<onup>200</onup>
						<ondown>200</ondown>
						<onclick>ActivateWindow(10205)</onclick>
						<visible allowhiddenfocus="true">Control.HasFocus(720)</visible>
						<colordiffuse>orange</colordiffuse>
					</control>
				</control>
				<!-- subtitle selection -->
				<control type="group">
					<posy>15</posy>
					<posx>50</posx>
					<control type="group">
						<control type="label">
							<posy>-4</posy>
							<posx>45</posx>
							<width>165</width>
							<height>24</height>
							<label>$INFO[VideoPlayer.SubtitleStream]</label>
							<font>Regular-16</font>
							<textcolor>FF666666</textcolor>
							<shadowcolor>FF000000</shadowcolor>
							<visible>!Control.HasFocus(721)</visible>
						</control>
						<control type="label">
							<posy>-4</posy>
							<posx>45</posx>
							<width>165</width>
							<height>24</height>
							<label>$INFO[VideoPlayer.SubtitleStream]</label>
							<font>Regular-16</font>
							<textcolor>white</textcolor>
							<shadowcolor>FF000000</shadowcolor>
							<visible>Control.HasFocus(721)</visible>
						</control>
						<control type="image">
							<posy>-2</posy>
							<width>29</width>
							<height>24</height>
							<texture>b-subtitles.png</texture>
							<visible>!Control.HasFocus(721)</visible>
							<colordiffuse>FF666666</colordiffuse>
						</control>
						<control type="button" id="721">
							<posy>-2</posy>
							<width>29</width>
							<height>24</height>
							<texturefocus>b-subtitles.png</texturefocus>
							<texturenofocus>b-subtitles.png</texturenofocus>
							<onleft>720</onleft>
							<onright>712</onright>
							<onup>200</onup>
							<ondown>200</ondown>
							<onclick>ActivateWindow(10204)</onclick>
							<visible allowhiddenfocus="true">Control.HasFocus(721)</visible>
							<colordiffuse>orange</colordiffuse>
						</control>
					</control>
				</control>
				<!-- previous -->
				<control type="image">
					<posy>13</posy>
					<posx>238</posx>
					<width>22</width>
					<height>22</height>
					<texture>b-previous.png</texture>
					<visible>!Control.HasFocus(712)</visible>
					<colordiffuse>FF666666</colordiffuse>
				</control>
				<control type="button" id="712">
					<posy>13</posy>
					<posx>238</posx>
					<width>22</width>
					<height>22</height>
					<texturefocus>b-previous.png</texturefocus>
					<texturenofocus>b-previous.png</texturenofocus>
					<onleft>721</onleft>
					<onright>713</onright>
					<onup>200</onup>
					<ondown>200</ondown>
					<onclick>PlayerControl(Previous)</onclick>
					<visible allowhiddenfocus="true">Control.HasFocus(712)</visible>
					<colordiffuse>orange</colordiffuse>
				</control>
				<!-- rewind -->
				<control type="image">
					<posy>13</posy>
					<posx>280</posx>
					<width>42</width>
					<height>22</height>
					<texture>b-rewind.png</texture>
					<visible>!Control.HasFocus(713)</visible>
					<colordiffuse>FF666666</colordiffuse>
				</control>
				<control type="button" id="713">
					<posy>13</posy>
					<posx>280</posx>
					<width>42</width>
					<height>22</height>
					<texturefocus>b-rewind.png</texturefocus>
					<texturenofocus>b-rewind.png</texturenofocus>
					<onleft>712</onleft>
					<onright>711</onright>
					<onup>200</onup>
					<ondown>200</ondown>
					<onclick>PlayerControl(SmallSkipBackward)</onclick>
					<visible allowhiddenfocus="true">Control.HasFocus(713)</visible>
					<colordiffuse>orange</colordiffuse>
				</control>
				<!-- forward -->
				<control type="image">
					<posy>13</posy>
					<posx>380</posx>
					<width>42</width>
					<height>22</height>
					<texture>b-forward.png</texture>
					<visible>!Control.HasFocus(714)</visible>
					<colordiffuse>FF666666</colordiffuse>
				</control>
				<control type="button" id="714">
					<posy>13</posy>
					<posx>380</posx>
					<width>42</width>
					<height>22</height>
					<texturefocus>b-forward.png</texturefocus>
					<texturenofocus>b-forward.png</texturenofocus>
					<onleft>711</onleft>
					<onright>715</onright>
					<onup>200</onup>
					<ondown>200</ondown>
					<onclick>PlayerControl(SmallSkipForward)</onclick>
					<visible allowhiddenfocus="true">Control.HasFocus(714)</visible>
					<colordiffuse>orange</colordiffuse>
				</control>
				<!-- next -->
				<control type="image">
					<posy>12</posy>
					<posx>440</posx>
					<width>22</width>
					<height>22</height>
					<texture>b-next.png</texture>
					<visible>!Control.HasFocus(715)</visible>
					<colordiffuse>FF666666</colordiffuse>
				</control>
				<control type="button" id="715">
					<posy>12</posy>
					<posx>440</posx>
					<width>22</width>
					<height>22</height>
					<texturefocus>b-next.png</texturefocus>
					<texturenofocus>b-next.png</texturenofocus>
					<onleft>714</onleft>
					<onright>716</onright>
					<onup>200</onup>
					<ondown>200</ondown>
					<onclick>PlayerControl(Next)</onclick>
					<visible allowhiddenfocus="true">Control.HasFocus(715)</visible>
					<colordiffuse>orange</colordiffuse>
				</control>
				<!-- stop -->
				<control type="image">
					<posy>12</posy>
					<posx>482</posx>
					<width>24</width>
					<height>24</height>
					<texture>b-stop2.png</texture>
					<visible>!Control.HasFocus(716)</visible>
					<colordiffuse>FF666666</colordiffuse>
				</control>
				<control type="button" id="716">
					<posy>12</posy>
					<posx>482</posx>
					<width>24</width>
					<height>24</height>
					<texturefocus>b-stop2.png</texturefocus>
					<texturenofocus>-</texturenofocus>
					<onleft>715</onleft>
					<onright>717</onright>
					<onup>200</onup>
					<ondown>200</ondown>
					<onclick>PlayerControl(Stop)</onclick>
					<visible allowhiddenfocus="true">Control.HasFocus(716)</visible>
					<colordiffuse>orange</colordiffuse>
				</control>
				<!-- pq -->
				<control type="image">
					<posy>14</posy>
					<posx>524</posx>
					<width>20</width>
					<height>20</height>
					<texture>b-list.png</texture>
					<visible>!Control.HasFocus(717)</visible>
					<colordiffuse>FF666666</colordiffuse>
				</control>
				<control type="button" id="717">
					<posy>14</posy>
					<posx>524</posx>
					<width>20</width>
					<height>20</height>
					<texturefocus>b-list.png</texturefocus>
					<texturenofocus>-</texturenofocus>
					<onleft>716</onleft>
					<onright>718</onright>
					<onup>200</onup>
					<ondown>200</ondown>
					<enable>System.PlexPlayQueue(video)</enable>
					<onclick>ReplaceWindow(10094, plexserver://playqueue/video)</onclick>
					<visible allowhiddenfocus="true">Control.HasFocus(717)</visible>
					<colordiffuse>orange</colordiffuse>
				</control>
				<!-- audio settings -->
				<control type="group">
					<posy>11</posy>
					<posx>600</posx>
					<control type="image">
						<posy>1</posy>
						<posx>8</posx>
						<width>21</width>
						<height>25</height>
						<texture>b-audio.png</texture>
						<visible>!Control.HasFocus(718)</visible>
						<colordiffuse>FF666666</colordiffuse>
					</control>
					<control type="button" id="718">
						<posy>1</posy>
						<posx>8</posx>
						<width>21</width>
						<height>25</height>
						<texturefocus>b-audio.png</texturefocus>
						<texturenofocus>b-audio.png</texturenofocus>
						<onleft>717</onleft>
						<onright>719</onright>
						<onup>200</onup>
						<ondown>200</ondown>
						<onclick>ActivateWindow(124)</onclick>
						<visible allowhiddenfocus="true">Control.HasFocus(718)</visible>
						<colordiffuse>orange</colordiffuse>
					</control>
					<control type="label">
						<posy>0</posy>
						<posx>43</posx>
						<width>100</width>
						<height>24</height>
						<label>$LOCALIZE[31060]</label>
						<font>Regular-16</font>
						<textcolor>FF666666</textcolor>
						<shadowcolor>FF000000</shadowcolor>
						<visible>!Control.HasFocus(718)</visible>
					</control>
					<control type="label">
						<posy>0</posy>
						<posx>43</posx>
						<width>100</width>
						<height>24</height>
						<label>$LOCALIZE[31060]</label>
						<font>Regular-16</font>
						<textcolor>white</textcolor>
						<shadowcolor>FF000000</shadowcolor>
						<visible>Control.HasFocus(718)</visible>
					</control>
				</control>
				<!-- video settings -->
				<control type="group">
					<posy>11</posy>
					<posx>752</posx>
					<control type="group">
						<control type="image">
							<posy>0</posy>
							<posx>7</posx>
							<width>29</width>
							<height>24</height>
							<texture>b-video.png</texture>
							<visible>!Control.HasFocus(719)</visible>
							<colordiffuse>FF666666</colordiffuse>
						</control>
						<control type="button" id="719">
							<posy>0</posy>
							<posx>7</posx>
							<width>29</width>
							<height>24</height>
							<texturefocus>b-video.png</texturefocus>
							<texturenofocus>b-video.png</texturenofocus>
							<onleft>718</onleft>
							<onright>720</onright>
							<onup>200</onup>
							<ondown>200</ondown>
							<onclick>ActivateWindow(123)</onclick>
							<visible allowhiddenfocus="true">Control.HasFocus(719)</visible>
							<colordiffuse>orange</colordiffuse>
						</control>
						<control type="label">
							<posy>0</posy>
							<posx>49</posx>
							<width>80</width>
							<height>24</height>
							<label>$LOCALIZE[31060]</label>
							<font>Regular-16</font>
							<textcolor>FF666666</textcolor>
							<shadowcolor>FF000000</shadowcolor>
							<visible>!Control.HasFocus(71&#xE7;)</visible>
						</control>
						<control type="label">
							<posy>0</posy>
							<posx>49</posx>
							<width>80</width>
							<height>24</height>
							<label>$LOCALIZE[31060]</label>
							<font>Regular-16</font>
							<textcolor>white</textcolor>
							<shadowcolor>FF000000</shadowcolor>
							<visible>Control.HasFocus(719)</visible>
						</control>
					</control>
				</control>
			</control>
			<!-- progress bar -->
			<control type="progress">
				<description>Progressbar</description>
				<posx>100</posx>
				<posy>66</posy>
				<width>1040</width>
				<info>Player.Progress</info>
			</control>
		</control>
	</include>
	<!-- VideoOSDSettings.xml -->
	<!-- variables for "OSDSettings" -->
	<include name="AudioSettingsWindowPosition">
		<posx>659</posx>
	</include>
	<include name="VideoSettingsWindowPosition">
		<posx>659</posx>
	</include>
	<include name="OSDSettings">
		<control type="group">
			<include condition="Window.IsVisible(OSDAudioSettings)">AudioSettingsWindowPosition</include>
			<include condition="Window.IsVisible(OSDVideoSettings)">VideoSettingsWindowPosition</include>
			<include>FadeQuick</include>
			<!-- bg's -->
			<control type="group">
				<posy>110</posy>
				<control type="image">
					<posx>-1</posx>
					<posy>-1</posy>
					<width>602</width>
					<height>442</height>
					<texture>transparent.png</texture>
					<bordertexture border="10">border-black.png</bordertexture>
					<bordersize>1</bordersize>
					<animation effect="fade" start="0" end="100" time="300">WindowOpen</animation>
					<animation effect="fade" start="100" end="0" time="0">WindowClose</animation>
				</control>
				<control type="image">
					<posy>80</posy>
					<width>600</width>
					<height>360</height>
					<texture border="10">base-rounded-half.png</texture>
					<colordiffuse>FF000000</colordiffuse>
					<animation effect="fade" start="0" end="80" time="0" condition="true">Conditional</animation>
				</control>
				<!-- title bg -->
				<control type="image">
					<width>600</width>
					<height>80</height>
					<texture border="10" flipy="true">base-rounded-half.png</texture>
					<colordiffuse>FF111111</colordiffuse>
				</control>
				<control type="image">
					<posy>30</posy>
					<width>600</width>
					<height>50</height>
					<texture>border-bottom-grey.png</texture>
					<animation effect="fade" start="0" end="100" time="300">WindowOpen</animation>
					<animation effect="fade" start="100" end="0" time="0">WindowClose</animation>
				</control>
				<!-- arrow up -->
				<control type="image">
					<posx>285</posx>
					<posy>440</posy>
					<include>ArrowBlackDown</include>
				</control>
			</control>
			<!-- settings -->
			<control type="group">
				<posx>10</posx>
				<posy>130</posy>
				<control type="group">
					<control type="label" id="2">
						<posy>20</posy>
						<width>580</width>
						<include>DialogHeading</include>
					</control>
					<!-- settings -->
					<control type="grouplist" id="5">
						<posy>80</posy>
						<width>560</width>
						<height>300</height>
						<itemgap>0</itemgap>
						<onleft>-</onleft>
						<onright>-</onright>
						<onup>5</onup>
						<ondown>5</ondown>
						<pagecontrol>61</pagecontrol>
						<scrolltime>350</scrolltime>
					</control>
				</control>
				<control type="button" id="7">
				</control>
				<control type="radiobutton" id="8">
				</control>
				<control type="spincontrolex" id="9">
				</control>
				<control type="sliderex" id="10">
				</control>
				<control type="scrollbar" id="61">
					<description>Scroll Bar</description>
					<posx>570</posx>
					<posy>75</posy>
					<width>20</width>
					<height>310</height>
				</control>
			</control>
		</control>
	</include>
</includes>
