<?xml version="1.0"?>
<includes>
	<include name="CurrentCover">
		<control type="group">
			<control type="image">
				<posx>0</posx>
				<posy>0</posy>
				<width>416</width>
				<height>416</height>
				<include>Shadow</include>
			</control>
			<control type="image">
				<posx>13</posx>
				<posy>13</posy>
				<width>390</width>
				<height>390</height>
				<texture>default-square-big.png</texture>
			</control>
			<control type="image">
				<posx>13</posx>
				<posy>13</posy>
				<width>390</width>
				<height>390</height>
				<texture diffuse="mask-square-big.png">$INFO[MusicPlayer.Cover]</texture>
				<aspectratio scalediffuse="false">scale</aspectratio>
			</control>
		</control>
	</include>
	<include name="NextCover">
		<control type="group">
			<animation effect="fade" start="0" end="60" condition="true">Conditional</animation>
			<control type="image">
				<posx>0</posx>
				<posy>0</posy>
				<width>256</width>
				<height>256</height>
				<include>Shadow</include>
			</control>
			<control type="image">
				<posx>13</posx>
				<posy>13</posy>
				<width>230</width>
				<height>230</height>
				<texture>default-square-small.png</texture>
			</control>
			<control type="image">
				<posx>13</posx>
				<posy>13</posy>
				<width>230</width>
				<height>230</height>
				<texture diffuse="mask-square.png">$INFO[MusicPlayer.Offset(1).Cover]</texture>
				<aspectratio scalediffuse="false">scale</aspectratio>
			</control>
		</control>
	</include>
	<include name="CurrentInfo">
		<control type="label">
			<posy>5</posy>
			<width>800</width>
			<font>Bold-36</font>
			<textcolor>white</textcolor>
			<label>$INFO[MusicPlayer.Artist]</label>
			<shadowcolor>ff222222</shadowcolor>
		</control>
		<control type="label">
			<posy>53</posy>
			<width>800</width>
			<font>Regular-30</font>
			<textcolor>greyLighter</textcolor>
			<label>$INFO[MusicPlayer.Album]</label>
			<shadowcolor>ff222222</shadowcolor>
		</control>
		<control type="label">
			<posy>100</posy>
			<width>800</width>
			<font>Regular-30</font>
			<textcolor>greyLighter</textcolor>
			<label>$INFO[MusicPlayer.Title]</label>
			<shadowcolor>ff222222</shadowcolor>
		</control>
		<control type="label">
			<posy>278</posy>
			<posx>5</posx>
			<width>500</width>
			<textcolor>white</textcolor>
			<font>Regular-24</font>
			<label>$INFO[MusicPlayer.Time]</label>
			<shadowcolor>ff222222</shadowcolor>
		</control>
		<control type="label">
			<posy>278</posy>
			<posx>138r</posx>
			<width>100</width>
			<textcolor>white</textcolor>
			<font>Regular-24</font>
			<label>$INFO[MusicPlayer.Duration]</label>
			<shadowcolor>ff222222</shadowcolor>
		</control>
	</include>
	<include name="NextInfo">
		<animation effect="fade" start="0" end="80" condition="true">Conditional</animation>
		<control type="label">
			<posy>48</posy>
			<width>800</width>
			<font>Bold-28</font>
			<textcolor>white</textcolor>
			<label>$INFO[MusicPlayer.Offset(1).Artist]</label>
			<align>right</align>
			<shadowcolor>ff222222</shadowcolor>
		</control>
		<control type="label">
			<posy>90</posy>
			<width>800</width>
			<font>Regular-26</font>
			<textcolor>greyLighter</textcolor>
			<label>$INFO[MusicPlayer.Offset(1).Title]</label>
			<align>right</align>
			<shadowcolor>ff222222</shadowcolor>
		</control>
		<control type="label">
			<posy>130</posy>
			<width>800</width>
			<font>Regular-26</font>
			<textcolor>greyLighter</textcolor>
			<label>$INFO[MusicPlayer.Offset(1).Album]</label>
			<align>right</align>
			<shadowcolor>ff222222</shadowcolor>
		</control>
	</include>
	<include name="CurrentInfoFlipped">
		<control type="label">
			<posy>10</posy>
			<width>800</width>
			<font>Bold-36</font>
			<textcolor>white</textcolor>
			<label>$INFO[MusicPlayer.Artist]</label>
			<align>right</align>
			<shadowcolor>ff222222</shadowcolor>
		</control>
		<control type="label">
			<posy>58</posy>
			<width>800</width>
			<font>Regular-30</font>
			<textcolor>greyLighter</textcolor>
			<label>$INFO[MusicPlayer.Album]</label>
			<align>right</align>
			<shadowcolor>ff222222</shadowcolor>
		</control>
		<control type="label">
			<posy>105</posy>
			<width>800</width>
			<font>Regular-30</font>
			<textcolor>greyLighter</textcolor>
			<label>$INFO[MusicPlayer.Title]</label>
			<align>right</align>
			<shadowcolor>ff222222</shadowcolor>
		</control>
		<control type="label">
			<posy>282</posy>
			<posx>-780</posx>
			<width>500</width>
			<textcolor>white</textcolor>
			<font>Regular-24</font>
			<label>$INFO[MusicPlayer.Time]</label>
			<shadowcolor>ff222222</shadowcolor>
		</control>
		<control type="label">
			<posy>282</posy>
			<posx>-10</posx>
			<width>500</width>
			<textcolor>white</textcolor>
			<font>Regular-24</font>
			<label>$INFO[MusicPlayer.Duration]</label>
			<align>right</align>
			<shadowcolor>ff222222</shadowcolor>
		</control>
	</include>
	<include name="NextInfoFlipped">
		<animation effect="fade" start="0" end="80" condition="true">Conditional</animation>
		<control type="label">
			<posy>33</posy>
			<width>800</width>
			<font>Bold-28</font>
			<textcolor>white</textcolor>
			<label>$INFO[MusicPlayer.Offset(1).Artist]</label>
			<shadowcolor>ff222222</shadowcolor>
		</control>
		<control type="label">
			<posy>77</posy>
			<width>800</width>
			<font>Regular-26</font>
			<textcolor>greyLighter</textcolor>
			<label>$INFO[MusicPlayer.Offset(1).Title]</label>
			<shadowcolor>ff222222</shadowcolor>
		</control>
		<control type="label">
			<posy>117</posy>
			<width>800</width>
			<font>Regular-26</font>
			<textcolor>greyLighter</textcolor>
			<label>$INFO[MusicPlayer.Offset(1).Album]</label>
			<shadowcolor>ff222222</shadowcolor>
		</control>
	</include>
	<include name="PauseIcon">
		<control type="group">
			<control type="image">
				<posy>30</posy>
				<width>30</width>
				<height>100</height>
				<texture>base.png</texture>
				<aspectratio scalediffuse="false" align="center" aligny="top">scale</aspectratio>
				<animation effect="fade" end="80" condition="true">Conditional</animation>
			</control>
			<control type="image">
				<posx>50</posx>
				<posy>30</posy>
				<width>30</width>
				<height>100</height>
				<texture>base.png</texture>
				<aspectratio scalediffuse="false" align="center" aligny="top">scale</aspectratio>
				<animation effect="fade" end="80" condition="true">Conditional</animation>
			</control>
		</control>
	</include>
	<include name="ProgressBar">
		<width>550</width>
		<height>16</height>
		<aligny>center</aligny>
		<info>Player.Progress</info>
		<texturebg border="8">OSDProgressBack2.png</texturebg>
		<midtexture border="8">OSDProgressMid-orange.png</midtexture>
	</include>
	<!-- Animations -->
	<include name="Fade">
		<animation effect="fade" start="100" end="0" time="500">Hidden</animation>
		<animation effect="fade" start="0" end="100" time="500" delay="200">Visible</animation>
	</include>
	<include name="Slide">
		<animation effect="slide" start="0,-130" time="1000" delay="0" tween="cubic" easing="in" reversible="false">Visible</animation>
	</include>
	<include name="Flip">
		<animation effect="rotatey" center="640" start="0" end="-90" time="500" reversible="false">Hidden</animation>
		<animation effect="rotatey" center="640" start="-90" end="0" time="500" delay="500" reversible="false">Visible</animation>
	</include>
	<!-- titles -->
	<variable name="CurrentlyPlayingTitle1">
		<value condition="Player.HasAudio">$INFO[MusicPlayer.Artist]</value>
		<value condition="Player.HasVideo + !IsEmpty(VideoPlayer.TVShowTitle)">$INFO[VideoPlayer.TVShowTitle]</value>
		<value condition="Player.HasVideo + IsEmpty(VideoPlayer.TVShowTitle)">$INFO[VideoPlayer.Title]</value>
	</variable>
	<variable name="CurrentlyPlayingTitle2">
		<value condition="Player.HasAudio">$INFO[MusicPlayer.Album]</value>
		<value condition="Player.HasVideo + !IsEmpty(VideoPlayer.TVShowTitle)">$INFO[VideoPlayer.TVShowTitle]</value>
		<value condition="Player.HasVideo + IsEmpty(VideoPlayer.TVShowTitle) + !IsEmpty(VideoPlayer.Episode)">TVShowTitle is EMPTY</value>
	</variable>
	<variable name="CurrentlyPlayingTitle3">
		<value condition="Player.HasAudio">$INFO[MusicPlayer.Title]</value>
		<value condition="Player.HasVideo + !IsEmpty(VideoPlayer.Episode)">S$INFO[VideoPlayer.Season]&#xB7;E$INFO[VideoPlayer.Episode]</value>
	</variable>
	<variable name="CurrentlyPlayingTitle4">
		<value condition="Player.HasAudio">$INFO[MusicPlayer.Time] / $INFO[MusicPlayer.Duration]</value>
		<value condition="Player.HasVideo">$INFO[VideoPlayer.Time] / $INFO[VideoPlayer.Duration]</value>
	</variable>
	<variable name="NextPlayingTitle1">
		<value condition="MusicPlayer.HasNext">$INFO[MusicPlayer.Offset(1).Artist]</value>
		<value condition="Player.HasVideo">$INFO[VideoPlayer.Offset(1).Title]</value>
	</variable>
	<variable name="NextPlayingTitle2">
		<value condition="MusicPlayer.HasNext">$INFO[MusicPlayer.Offset(1).Album]</value>
		<value condition="Player.HasVideo + !IsEmpty(VideoPlayer.Offset(1).TVShowTitle)">$INFO[VideoPlayer.Offset(1).TVShowTitle]</value>
		<value condition="Player.HasVideo + IsEmpty(VideoPlayer.Offset(1).TVShowTitle) + !IsEmpty(VideoPlayer.Offset(1).Episode)">TVShowTitle is EMPTY</value>
	</variable>
	<variable name="NextPlayingTitle3">
		<value condition="MusicPlayer.HasNext">$INFO[MusicPlayer.Offset(1).Title]</value>
		<value condition="Player.HasVideo + !IsEmpty(VideoPlayer.Offset(1).Episode)">S$INFO[VideoPlayer.Offset(1).Season]&#xB7;E$INFO[VideoPlayer.Offset(1).Episode]</value>
	</variable>
	<variable name="NextPlayingTitle4">
		<value condition="MusicPlayer.HasNext">$INFO[MusicPlayer.Offset(1).Duration]</value>
		<value condition="Player.HasVideo + !IsEmpty(VideoPlayer.Offset(1).Duration)">$INFO[VideoPlayer.Offset(1).Time] / $INFO[VideoPlayer.Offset(1).Duration]</value>
	</variable>
	<!-- mini now playing in the side bar -->
	<include name="NowPlayingSideBar">
		<control type="group">
			<animation effect="fade" time="500">VisibleChange</animation>
			<animation effect="fade" start="100" end="0" time="200" condition="Control.IsVisible(999) + Window.IsActive(home)">Conditional</animation>
			<animation effect="fade" start="100" end="0" time="0" condition="Skin.String(SectionType,playqueue) + [Player.HasAudio | Player.HasVideo]">Conditional</animation>
			<!-- music -->
			<control type="group">
				<posy>528</posy>
				<posx>12</posx>
				<control type="group">
					<visible>MusicPlayer.HasNext + !Container.UniformProperty(Album) + Window.IsActive(1)</visible>
					<control type="image">
						<width>50</width>
						<height>50</height>
						<texture>default-square-small.png</texture>
					</control>
					<control type="image">
						<width>50</width>
						<height>50</height>
						<fadetime>400</fadetime>
						<texture diffuse="mask-square.png">$INFO[MusicPlayer.Offset(1).Cover]</texture>
						<aspectratio scalediffuse="false">scale</aspectratio>
					</control>
				</control>
				<control type="group">
					<visible>Player.HasAudio</visible>
					<posy>60</posy>
					<control type="image">
						<posx>-13</posx>
						<posy>-13</posy>
						<width>77</width>
						<height>77</height>
						<aspectratio scalediffuse="true" align="center">stretch</aspectratio>
						<texture background="true" border="30">shadow.png</texture>
					</control>
					<control type="image">
						<posy>-3</posy>
						<posx>-3</posx>
						<width>56</width>
						<height>56</height>
						<texture>transparent.png</texture>
						<bordertexture>orange.png</bordertexture>
						<bordersize>2</bordersize>
						<visible>Control.HasFocus(106) + Player.HasAudio</visible>
					</control>
					<control type="image">
						<width>50</width>
						<height>50</height>
						<texture>default-square-big.png</texture>
					</control>
					<control type="image">
						<width>50</width>
						<height>50</height>
						<fadetime>400</fadetime>
						<texture diffuse="mask-square-big.png">$INFO[MusicPlayer.Cover]</texture>
						<aspectratio scalediffuse="false">scale</aspectratio>
					</control>
					<control type="progress">
						<posy>60</posy>
						<width>50</width>
						<height>2</height>
						<aligny>center</aligny>
						<info>Player.Progress</info>
						<texturebg>OSDProgressBack2.png</texturebg>
						<midtexture>orange.png</midtexture>
					</control>
				</control>
			</control>
			<!-- video -->
			<control type="group">
				<posy>483</posy>
				<posx>12</posx>
				<!--><control type="group">
					<visible>VideoPlayer.HasNext</visible>
					<control type="image">
						<width>50</width>
						<height>75</height>
						<texture background="true">default-poster-middle.png</texture>
					</control>
					<control type="image">
						<width>50</width>
						<height>75</height>
						<texture background="true" diffuse="mask-poster-middle.png">$INFO[VideoPlayer.Offset(1).Cover]</texture>
						<aspectratio scalediffuse="false" align="center" aligny="top">scale</aspectratio>
					</control>
				</control>-->
				<control type="group">
					<posy>85</posy>
					<visible>Player.HasVideo</visible>
					<control type="group">
						<visible>!VideoPlayer.PlexContent(clip)</visible>
						<control type="image">
							<posy>-3</posy>
							<posx>-3</posx>
							<width>56</width>
							<height>81</height>
							<texture>transparent.png</texture>
							<bordertexture>orange.png</bordertexture>
							<bordersize>2</bordersize>
							<visible>Control.HasFocus(106) + Player.HasVideo + [VideoPlayer.PlexContent(episode) | VideoPlayer.PlexContent(movie)]</visible>
						</control>
						<control type="image">
							<width>50</width>
							<height>75</height>
							<texture background="true">default-poster-middle.png</texture>
						</control>
						<control type="image">
							<width>50</width>
							<height>75</height>
							<texture background="true" diffuse="mask-poster-middle.png">$INFO[Player.Art(poster)]</texture>
							<aspectratio scalediffuse="false" align="center" aligny="top">scale</aspectratio>
						</control>
					</control>
					<control type="group">
						<visible>VideoPlayer.PlexContent(clip)</visible>
						<posy>25</posy>
						<control type="image">
							<posy>-3</posy>
							<posx>-3</posx>
							<width>56</width>
							<height>56</height>
							<texture>transparent.png</texture>
							<bordertexture>orange.png</bordertexture>
							<bordersize>2</bordersize>
							<visible>Control.HasFocus(106)</visible>
						</control>
						<control type="image">
							<width>50</width>
							<height>50</height>
							<texture background="true">default-poster-middle.png</texture>
						</control>
						<control type="image">
							<width>50</width>
							<height>50</height>
							<texture background="true" diffuse="mask-poster-middle.png">$INFO[Player.Art(poster)]</texture>
							<aspectratio scalediffuse="false" align="center" aligny="top">scale</aspectratio>
						</control>
					</control>
					<control type="progress">
						<posy>85</posy>
						<width>50</width>
						<height>2</height>
						<aligny>center</aligny>
						<info>Player.Progress</info>
						<texturebg>OSDProgressBack2.png</texturebg>
						<midtexture>orange.png</midtexture>
					</control>
				</control>
			</control>
			<!-- player toast -->
			<control type="group">
				<visible>Player.HasAudio + Player.OnNew</visible>
				<animation effect="fade" time="500">VisibleChange</animation>
				<posy>589</posy>
				<posx>80</posx>
				<!-- backgrounds -->
				<control type="group">
					<control type="image">
						<posx>3</posx>
						<posy>-12</posy>
						<width>267</width>
						<height>126</height>
						<aspectratio scalediffuse="true" align="center">stretch</aspectratio>
						<texture background="true" border="50">shadow.png</texture>
					</control>
					<control type="image">
						<posy>20</posy>
						<posx>0</posx>
						<width>16</width>
						<height>32</height>
						<aspectratio>scale</aspectratio>
						<texture flipx="true">arrow-big.png</texture>
						<colordiffuse>FF000000</colordiffuse>
					</control>
					<control type="image">
						<posy>0</posy>
						<posx>16</posx>
						<width>240</width>
						<height>100</height>
						<include>BlackRounded</include>
					</control>
					<control type="largeimage">
						<posy>0</posy>
						<posx>16</posx>
						<width>240</width>
						<height>100</height>
						<fadetime>500</fadetime>
						<texture background="true" diffuse="mask-thumb-round-big.png">$INFO[Player.Art(fanart)]</texture>
						<aspectratio scalediffuse="false" align="center" aligny="top">scale</aspectratio>
						<animation effect="fade" start="0" end="100" time="0" condition="true">Conditional</animation>
					</control>
					<control type="image">
						<posy>0</posy>
						<posx>16</posx>
						<width>240</width>
						<height>100</height>
						<texture background="true" diffuse="mask-thumb-round-big.png">black.png</texture>
						<aspectratio scalediffuse="false" align="center" aligny="top">scale</aspectratio>
						<animation effect="fade" start="0" end="80" time="0" condition="true">Conditional</animation>
					</control>
					<control type="image">
						<posy>0</posy>
						<posx>16</posx>
						<width>240</width>
						<height>100</height>
						<texture background="true" diffuse="mask-thumb-round-big.png">bg-overlay-grainy.png</texture>
						<aspectratio scalediffuse="false" align="center" aligny="top">scale</aspectratio>
						<animation effect="fade" start="0" end="60" time="0" condition="true">Conditional</animation>
					</control>
				</control>
				<!-- infos -->
				<control type="group">
					<posy>20</posy>
					<posx>35</posx>
					<control type="label">
						<posy>10</posy>
						<width>200</width>
						<label>$INFO[MusicPlayer.Title]</label>
						<font>Bold-16</font>
						<textcolor>white</textcolor>
						<shadowcolor>ff222222</shadowcolor>
						<align>left</align>
					</control>
					<control type="label">
						<posy>32</posy>
						<width>200</width>
						<label>$INFO[MusicPlayer.Artist]</label>
						<font>Regular-16</font>
						<textcolor>white</textcolor>
						<shadowcolor>ff222222</shadowcolor>
						<align>left</align>
					</control>
					<control type="label">
						<posy>54</posy>
						<width>200</width>
						<label>$INFO[MusicPlayer.Album]</label>
						<font>Regular-16</font>
						<textcolor>FF999999</textcolor>
						<shadowcolor>ff222222</shadowcolor>
						<align>left</align>
					</control>
				</control>
			</control>
		</control>
	</include>
	<!-- full now playing -->
	<include name="NowPlaying">
		<control type="largeimage">
			<include>FullScreenScaled</include>
			<texture>$INFO[Player.Art(fanart)]</texture>
			<include>BackgroundFade</include>
			<animation effect="fade" end="70" time="0" condition="true">conditional</animation>
		</control>
		<!-- backup bg -->
		<control type="image">
			<posy>-22</posy>
			<posx>0</posx>
			<width>1280</width>
			<height>742</height>
			<texture>plex.png</texture>
			<aspectratio>keep</aspectratio>
			<animation effect="fade" start="0" end="10" time="0" condition="true">Conditional</animation>
			<visible>IsEmpty(Player.Art(fanart))</visible>
		</control>
		<!-- Fanart grainy overlay -->
		<control type="image">
			<width>1280</width>
			<height>720</height>
			<texture>bg-overlay-grainy.png</texture>
			<aspectratio>stretch</aspectratio>
			<animation effect="fade" start="0" end="70" time="0" condition="true">Conditional</animation>
			<visible>true</visible>
		</control>
		<!-- not flipped -->
		<control type="group">
			<visible>!MusicPlayer.NowPlayingFlipped</visible>
			<include>Flip</include>
			<include>Fade</include>
			<posx>36</posx>
			<posy>36</posy>
			<!-- 2 cover view -->
			<control type="group">
				<visible>MusicPlayer.HasNext</visible>
				<control type="group">
					<posy>-9</posy>
					<posx>-9</posx>
					<include>CurrentCover</include>
				</control>
				<control type="group">
					<posy>25</posy>
					<posx>432</posx>
					<include>CurrentInfo</include>
				</control>
				<control type="progress">
					<posx>545</posx>
					<posy>292</posy>
					<include>ProgressBar</include>
				</control>
				<control type="group">
					<posx>960</posx>
					<posy>400</posy>
					<include>NextCover</include>
				</control>
				<control type="group">
					<posx>934</posx>
					<posy>500</posy>
					<include>NextInfo</include>
				</control>
			</control>
			<!-- single cover view -->
			<control type="group">
				<posy>130</posy>
				<visible>!MusicPlayer.HasNext</visible>
				<include>Slide</include>
				<control type="group">
					<posy>0</posy>
					<posx>-14</posx>
					<include>CurrentCover</include>
				</control>
				<control type="group">
					<posy>25</posy>
					<posx>420</posx>
					<include>CurrentInfo</include>
				</control>
				<control type="progress">
					<posx>535</posx>
					<posy>292</posy>
					<include>ProgressBar</include>
				</control>
			</control>
		</control>
		<!-- flipped -->
		<control type="group">
			<visible>MusicPlayer.NowPlayingFlipped</visible>
			<include>Flip</include>
			<include>Fade</include>
			<posx>30</posx>
			<posy>31</posy>
			<!-- 2 cover view -->
			<control type="group">
				<visible>MusicPlayer.HasNext</visible>
				<control type="group">
					<posy>-4</posy>
					<posx>806</posx>
					<include>CurrentCover</include>
				</control>
				<control type="group">
					<posy>25</posy>
					<posx>790</posx>
					<include>CurrentInfoFlipped</include>
				</control>
				<control type="progress">
					<posx>120</posx>
					<posy>297</posy>
					<include>ProgressBar</include>
				</control>
				<control type="group">
					<posx>-4</posx>
					<posy>406</posy>
					<include>NextCover</include>
				</control>
				<control type="group">
					<posx>270</posx>
					<posy>520</posy>
					<include>NextInfoFlipped</include>
				</control>
			</control>
			<!-- single cover view -->
			<control type="group">
				<posy>130</posy>
				<visible>!MusicPlayer.HasNext</visible>
				<include>Slide</include>
				<control type="group">
					<posy>-4</posy>
					<posx>826</posx>
					<include>CurrentCover</include>
				</control>
				<control type="group">
					<posy>25</posy>
					<posx>810</posx>
					<include>CurrentInfoFlipped</include>
				</control>
				<control type="progress">
					<posx>145</posx>
					<posy>292</posy>
					<include>ProgressBar</include>
				</control>
			</control>
		</control>
		<!-- paused -->
		<control type="group">
			<visible>Player.Paused</visible>
			<animation effect="fade" end="100" time="1000">Visible</animation>
			<animation effect="fade" end="0" time="500">Hidden</animation>
			<control type="group">
				<posx>1170</posx>
				<visible>!MusicPlayer.NowPlayingFlipped</visible>
				<include>PauseIcon</include>
			</control>
			<control type="group">
				<posx>30</posx>
				<visible>MusicPlayer.NowPlayingFlipped</visible>
				<include>PauseIcon</include>
			</control>
		</control>
		<!-- osd -->
		<control type="group">
			<!-- move if flipped -->
			<animation effect="slide" start="0,0" end="-430,0" time="1000" condition="MusicPlayer.NowPlayingFlipped">Conditional</animation>
			<posy>366</posy>
			<posx>500</posx>
			<control type="image">
				<posx>80</posx>
				<posy>0</posy>
				<width>550</width>
				<height>60</height>
				<include>BlackRounded</include>
				<animation effect="fade" start="0" end="20" time="0" condition="true">Conditional</animation>
			</control>
			<control type="group" id="300">
				<posy>6</posy>
				<posx>55</posx>
				<!-- repeat -->
				<control type="group">
					<posy>11</posy>
					<posx>45</posx>
					<include>OSDRepeatButton</include>
				</control>
				<!-- previous -->
				<control type="group">
					<posy>13</posy>
					<posx>238</posx>
					<include>OSDPreviousButton</include>
				</control>
				<!-- play/pause -->
				<control type="group">
					<posy>13</posy>
					<posx>280</posx>
					<include>OSDPlayButton</include>
				</control>
				<!-- next -->
				<control type="group">
					<posy>13</posy>
					<posx>319</posx>
					<include>OSDNextButton</include>
				</control>
				<!-- stop -->
				<control type="group">
					<posy>13</posy>
					<posx>490</posx>
					<include>OSDStopButton</include>
				</control>
				<!-- pq -->
				<control type="group">
					<posy>14</posy>
					<posx>534</posx>
					<include>OSDPlayqueueButton</include>
				</control>
			</control>
		</control>
	</include>
</includes>
