<?xml version="1.0"?>
<includes>
	<!-- reusables -->
	<include name="UserSwitchLoginBg">
		<!-- bg's -->
		<control type="group">
			<animation effect="fade" start="100" end="100" time="0">WindowOpen</animation>
			<animation effect="fade" start="100" end="100" time="0">WindowClose</animation>
			<control type="image">
				<include>FullScreenScaled</include>
				<texture>base.png</texture>
				<colordiffuse>FF111111</colordiffuse>
			</control>
			<control type="image">
				<posy>0</posy>
				<posx>540</posx>
				<width>200</width>
				<aspectratio>keep</aspectratio>
				<texture>plex-logo-light-small.png</texture>
				<animation effect="fade" start="0" end="100" time="0" condition="true">Conditional</animation>
			</control>
		</control>
	</include>
	<include name="UserSwitchLoginUser">
		<control type="group">
			<!-- card -->
			<control type="group">
				<control type="image">
					<posx>4</posx>
					<posy>4</posy>
					<width>204</width>
					<height>204</height>
					<aspectratio scalediffuse="false" align="center">scale</aspectratio>
					<texture>mask-userswitch.png</texture>
					<animation effect="fade" start="0" end="20" time="0" condition="true">Conditional</animation>
				</control>
				<control type="image">
					<posx>4</posx>
					<posy>4</posy>
					<width>204</width>
					<height>204</height>
					<aspectratio scalediffuse="false" align="center">scale</aspectratio>
					<texture diffuse="mask-userswitch.png" blur="20">$INFO[ListItem.Art(thumb)]</texture>
				</control>
				<control type="image">
					<posx>4</posx>
					<posy>4</posy>
					<width>204</width>
					<height>204</height>
					<aspectratio scalediffuse="false" align="center">scale</aspectratio>
					<texture>mask-userswitch.png</texture>
					<colordiffuse>black</colordiffuse>
					<animation effect="fade" start="0" end="40" time="0" condition="true">Conditional</animation>
				</control>
			</control>
			<!-- avatar -->
			<control type="group">
				<posy>30</posy>
				<posx>30</posx>
				<control type="image">
					<width>150</width>
					<height>150</height>
					<aspectratio scalediffuse="false" align="center">scale</aspectratio>
					<texture diffuse="round-big.png">round-big.png</texture>
					<animation effect="fade" start="20" end="20" time="0" condition="true">Conditional</animation>
				</control>
				<control type="image">
					<posy>5</posy>
					<posx>5</posx>
					<width>140</width>
					<height>140</height>
					<aspectratio scalediffuse="false" align="center">scale</aspectratio>
					<texture diffuse="round-big.png">default-avatar.png</texture>
				</control>
				<control type="image">
					<posy>5</posy>
					<posx>5</posx>
					<width>140</width>
					<height>140</height>
					<aspectratio scalediffuse="false" align="center">scale</aspectratio>
					<texture diffuse="round-big.png">$INFO[ListItem.Art(thumb)]</texture>
				</control>
			</control>
			<!-- user icons -->
			<control type="group">
				<!-- admin -->
				<control type="group">
					<control type="image">
						<posx>160</posx>
						<posy>161</posy>
						<width>38</width>
						<height>38</height>
						<aspectratio scalediffuse="false" align="center">scale</aspectratio>
						<texture diffuse="round-small.png">round-small.png</texture>
						<animation effect="fade" start="0" end="50" time="0" condition="true">Conditional</animation>
						<colordiffuse>black</colordiffuse>
					</control>
					<control type="image">
						<posx>154</posx>
						<posy>172</posy>
						<width>50</width>
						<height>16</height>
						<aspectratio scalediffuse="false" align="center">keep</aspectratio>
						<texture>icon-admin.png</texture>
						<colordiffuse>orangeLight</colordiffuse>
					</control>
					<visible>!IsEmpty(ListItem.Property(admin)) | !IsEmpty(Container(3).ListItem(0).Property(admin))</visible>
				</control>
				<!-- selected -->
				<control type="group">
					<control type="image">
						<posx>160</posx>
						<posy>15</posy>
						<width>38</width>
						<height>38</height>
						<aspectratio scalediffuse="false" align="center">scale</aspectratio>
						<texture diffuse="round-small.png">round-small.png</texture>
						<animation effect="fade" start="0" end="50" time="0" condition="true">Conditional</animation>
						<colordiffuse>black</colordiffuse>
					</control>
					<control type="image">
						<posx>154</posx>
						<posy>26</posy>
						<width>50</width>
						<height>16</height>
						<aspectratio scalediffuse="false" align="center">keep</aspectratio>
						<texture>icon-selected.png</texture>
						<colordiffuse>FF5CB85C</colordiffuse>
					</control>
					<visible>ListItem.IsSelected | Container(3).ListItem(0).IsSelected</visible>
				</control>
				<!-- PIN -->
				<control type="group">
					<control type="image">
						<posx>13</posx>
						<posy>160</posy>
						<width>38</width>
						<height>38</height>
						<aspectratio scalediffuse="false" align="center">scale</aspectratio>
						<texture diffuse="round-small.png">round-small.png</texture>
						<animation effect="fade" start="0" end="50" time="0" condition="true">Conditional</animation>
						<colordiffuse>black</colordiffuse>
					</control>
					<control type="image">
						<posx>7</posx>
						<posy>172</posy>
						<width>50</width>
						<height>16</height>
						<aspectratio scalediffuse="false" align="center">keep</aspectratio>
						<texture>icon-pin.png</texture>
						<colordiffuse>FF5CB85C</colordiffuse>
					</control>
					<visible>!IsEmpty(ListItem.Property(protected)) | !IsEmpty(Container(3).ListItem(0).Property(protected))</visible>
				</control>
			</control>
		</control>
	</include>
	<include name="UserSwitchLoginUserSelected">
		<control type="group">
			<!-- Sans PIN kb -->
			<control type="group">
				<visible>!ControlGroup(500).HasFocus</visible>
				<!-- card -->
				<control type="group">
					<control type="image">
						<posx>4</posx>
						<posy>4</posy>
						<width>204</width>
						<height>254</height>
						<aspectratio scalediffuse="false" align="center">scale</aspectratio>
						<texture>mask-userswitch-selected-grey.png</texture>
						<animation effect="fade" start="0" end="100" time="0" condition="true">Conditional</animation>
					</control>
					<control type="image">
						<posx>4</posx>
						<posy>4</posy>
						<width>204</width>
						<height>254</height>
						<aspectratio scalediffuse="false" align="center">scale</aspectratio>
						<texture diffuse="mask-userswitch-selected.png" blur="20">$INFO[Container(3).ListItem(0).Art(thumb)]</texture>
					</control>
					<control type="image">
						<posx>4</posx>
						<posy>4</posy>
						<width>204</width>
						<height>254</height>
						<aspectratio scalediffuse="false" align="center">scale</aspectratio>
						<texture diffuse="mask-userswitch-selected.png" blur="20">$INFO[ListItem.Art(thumb)]</texture>
					</control>
					<control type="image">
						<posx>4</posx>
						<posy>4</posy>
						<width>204</width>
						<height>254</height>
						<aspectratio scalediffuse="false" align="center">scale</aspectratio>
						<texture>mask-userswitch-selected.png</texture>
						<colordiffuse>black</colordiffuse>
						<animation effect="fade" start="0" end="40" time="0" condition="true">Conditional</animation>
					</control>
					<control type="image">
						<posx>4</posx>
						<posy>208</posy>
						<width>204</width>
						<height>50</height>
						<texture>mask-userswitch-selected-bottom.png</texture>
						<colordiffuse>black</colordiffuse>
						<animation effect="fade" start="0" end="20" time="0" condition="true">Conditional</animation>
					</control>
				</control>
				<!-- avatar -->
				<control type="group">
					<posy>30</posy>
					<posx>30</posx>
					<control type="image">
						<width>150</width>
						<height>150</height>
						<aspectratio scalediffuse="false" align="center">scale</aspectratio>
						<texture diffuse="round-big.png">round-big.png</texture>
						<animation effect="fade" start="0" end="100" time="0" condition="true">Conditional</animation>
						<colordiffuse>orange</colordiffuse>
					</control>
					<control type="image">
						<posy>5</posy>
						<posx>5</posx>
						<width>140</width>
						<height>140</height>
						<aspectratio scalediffuse="false" align="center">scale</aspectratio>
						<texture diffuse="round-big.png">default-avatar.png</texture>
					</control>
					<control type="image">
						<posy>5</posy>
						<posx>5</posx>
						<width>140</width>
						<height>140</height>
						<aspectratio scalediffuse="false" align="center">scale</aspectratio>
						<texture diffuse="round-big.png">$INFO[Container(3).ListItem(0).Art(thumb)]</texture>
					</control>
					<control type="image">
						<posy>5</posy>
						<posx>5</posx>
						<width>140</width>
						<height>140</height>
						<aspectratio scalediffuse="false" align="center">scale</aspectratio>
						<texture diffuse="round-big.png">$INFO[ListItem.Art(thumb)]</texture>
					</control>
				</control>
			</control>
			<!-- With PIN kb -->
			<control type="group">
				<visible>ControlGroup(500).HasFocus</visible>
				<!-- card -->
				<control type="group">
					<control type="image">
						<posx>4</posx>
						<posy>4</posy>
						<width>204</width>
						<height>254</height>
						<aspectratio scalediffuse="false" align="center">scale</aspectratio>
						<texture>mask-userswitch-selected-PIN-grey.png</texture>
						<animation effect="fade" start="0" end="100" time="0" condition="true">Conditional</animation>
					</control>
					<control type="image">
						<posx>4</posx>
						<posy>4</posy>
						<width>204</width>
						<height>254</height>
						<aspectratio scalediffuse="false" align="center">scale</aspectratio>
						<texture diffuse="mask-userswitch-selected-PIN.png" blur="20">$INFO[Container(3).ListItem(0).Art(thumb)]</texture>
					</control>
					<control type="image">
						<posx>4</posx>
						<posy>4</posy>
						<width>204</width>
						<height>254</height>
						<aspectratio scalediffuse="false" align="center">scale</aspectratio>
						<texture>mask-userswitch-selected-PIN.png</texture>
						<colordiffuse>black</colordiffuse>
						<animation effect="fade" start="0" end="40" time="0" condition="true">Conditional</animation>
					</control>
					<control type="image">
						<posx>4</posx>
						<posy>208</posy>
						<width>204</width>
						<height>50</height>
						<texture>base.png</texture>
						<colordiffuse>black</colordiffuse>
						<animation effect="fade" start="0" end="20" time="0" condition="true">Conditional</animation>
					</control>
				</control>
				<!-- avatar -->
				<control type="group">
					<posy>30</posy>
					<posx>30</posx>
					<control type="image">
						<width>150</width>
						<height>150</height>
						<aspectratio scalediffuse="false" align="center">scale</aspectratio>
						<texture diffuse="round-big.png">round-big.png</texture>
						<animation effect="fade" start="20" end="20" time="0" condition="true">Conditional</animation>
					</control>
					<control type="image">
						<posy>5</posy>
						<posx>5</posx>
						<width>140</width>
						<height>140</height>
						<aspectratio scalediffuse="false" align="center">scale</aspectratio>
						<texture diffuse="round-big.png">default-avatar.png</texture>
					</control>
					<control type="image">
						<posy>5</posy>
						<posx>5</posx>
						<width>140</width>
						<height>140</height>
						<aspectratio scalediffuse="false" align="center">scale</aspectratio>
						<texture diffuse="round-big.png">$INFO[ListItem.Art(thumb)]</texture>
					</control>
					<control type="image">
						<posy>5</posy>
						<posx>5</posx>
						<width>140</width>
						<height>140</height>
						<aspectratio scalediffuse="false" align="center">scale</aspectratio>
						<texture diffuse="round-big.png">$INFO[Container(3).ListItem(0).Art(thumb)]</texture>
					</control>
				</control>
			</control>
			<!-- name & dots labels -->
			<control type="group">
				<control type="label">
					<posy>209</posy>
					<posx>106</posx>
					<width>174</width>
					<height>49</height>
					<label>$INFO[ListItem.Label]</label>
					<font>Regular-18</font>
					<textcolor>Focused</textcolor>
					<selectedcolor>Focused</selectedcolor>
					<align>center</align>
					<visible>IsEmpty(Container.Property(LoginFailed))</visible>
				</control>
				<control type="group">
					<control type="label">
						<posy>209</posy>
						<posx>19</posx>
						<width>174</width>
						<height>49</height>
						<label>$INFO[Container(3).ListItem(0).Label]</label>
						<font>Regular-18</font>
						<textcolor>Focused</textcolor>
						<align>center</align>
						<visible>IsEmpty(Control.GetLabel(4))</visible>
						<animation effect="fade" start="0" end="100" time="500" delay="3500" reversible="false" condition="!IsEmpty(Container.Property(LoginFailed))">Conditional</animation>
					</control>
					<control type="label" id="4">
						<description>Edit Text</description>
						<posy>200</posy>
						<posx>4</posx>
						<width>204</width>
						<height>49</height>
						<align>center</align>
						<aligny>center</aligny>
						<label>$LOCALIZE[12323]</label>
						<disabledcolor>white</disabledcolor>
						<font>Bold-48</font>
						<textcolor>Focused</textcolor>
						<visible>!IsEmpty(Container(3).ListItem(0).Property(protected)) + !IsEmpty(Control.GetLabel(4))</visible>
						<animation effect="fade" time="100">VisibleChange</animation>
					</control>
					<control type="label">
						<posy>212</posy>
						<posx>4</posx>
						<width>204</width>
						<height>49</height>
						<label>&#x2022; &#x2022; &#x2022; &#x2022;</label>
						<font>Bold-26</font>
						<textcolor>FFFF0000</textcolor>
						<align>center</align>
						<aligny>center</aligny>
						<visible>!IsEmpty(Container.Property(LoginFailed)) + ControlGroup(500).HasFocus + IsEmpty(Control.GetLabel(4))</visible>
						<animation type="Visible" reversible="false">
							<effect type="slide" start="0,0" end="-5,0" time="80" tween="elastic" easing="out" delay="100"/>
							<effect type="slide" start="0,0" end="10,0" time="80" tween="elastic" easing="out" delay="180"/>
							<effect type="slide" start="0,0" end="-10,0" time="80" tween="elastic" easing="out" delay="260"/>
							<effect type="slide" start="0,0" end="10,0" time="80" tween="elastic" easing="out" delay="340"/>
							<effect type="slide" start="0,0" end="-10,0" time="80" tween="elastic" easing="out" delay="420"/>
							<effect type="slide" start="0,0" end="10,0" time="80" tween="elastic" easing="out" delay="500"/>
							<effect type="slide" start="0,0" end="-10,0" time="80" tween="elastic" easing="out" delay="580"/>
							<effect type="slide" start="0,0" end="10,0" time="80" tween="elastic" easing="out" delay="660"/>
							<effect type="slide" start="0,0" end="-10,0" time="80" tween="elastic" easing="out" delay="740"/>
							<effect type="slide" start="0,0" end="10,0" time="80" tween="elastic" easing="out" delay="820"/>
							<effect type="slide" start="0,0" end="-10,0" time="80" tween="elastic" easing="out" delay="900"/>
							<effect type="slide" start="0,0" end="5,0" time="80" tween="elastic" easing="out" delay="980"/>
							<effect type="fade" start="100" end="0" time="500" delay="3000"/>
						</animation>
					</control>
					<control type="label">
						<posy>212</posy>
						<posx>102</posx>
						<width>204</width>
						<height>49</height>
						<label>&#x2022; &#x2022; &#x2022; &#x2022;</label>
						<font>Bold-26</font>
						<textcolor>FFFF0000</textcolor>
						<align>center</align>
						<aligny>center</aligny>
						<visible>!IsEmpty(Container.Property(LoginFailed)) + !ControlGroup(500).HasFocus + IsEmpty(Control.GetLabel(4))</visible>
						<animation type="Visible" reversible="false">
							<effect type="slide" start="0,0" end="-5,0" time="80" tween="elastic" easing="out" delay="100"/>
							<effect type="slide" start="0,0" end="10,0" time="80" tween="elastic" easing="out" delay="180"/>
							<effect type="slide" start="0,0" end="-10,0" time="80" tween="elastic" easing="out" delay="260"/>
							<effect type="slide" start="0,0" end="10,0" time="80" tween="elastic" easing="out" delay="340"/>
							<effect type="slide" start="0,0" end="-10,0" time="80" tween="elastic" easing="out" delay="420"/>
							<effect type="slide" start="0,0" end="10,0" time="80" tween="elastic" easing="out" delay="500"/>
							<effect type="slide" start="0,0" end="-10,0" time="80" tween="elastic" easing="out" delay="580"/>
							<effect type="slide" start="0,0" end="10,0" time="80" tween="elastic" easing="out" delay="660"/>
							<effect type="slide" start="0,0" end="-10,0" time="80" tween="elastic" easing="out" delay="740"/>
							<effect type="slide" start="0,0" end="10,0" time="80" tween="elastic" easing="out" delay="820"/>
							<effect type="slide" start="0,0" end="-10,0" time="80" tween="elastic" easing="out" delay="900"/>
							<effect type="slide" start="0,0" end="5,0" time="80" tween="elastic" easing="out" delay="980"/>
							<effect type="fade" start="100" end="0" time="500" delay="3000"/>
						</animation>
					</control>
				</control>
			</control>
			<!-- user icons -->
			<control type="group">
				<!-- admin -->
				<control type="group">
					<control type="image">
						<posx>160</posx>
						<posy>161</posy>
						<width>38</width>
						<height>38</height>
						<aspectratio scalediffuse="false" align="center">scale</aspectratio>
						<texture diffuse="round-small.png">round-small.png</texture>
						<animation effect="fade" start="0" end="50" time="0" condition="true">Conditional</animation>
						<colordiffuse>black</colordiffuse>
					</control>
					<control type="image">
						<posx>154</posx>
						<posy>172</posy>
						<width>50</width>
						<height>16</height>
						<aspectratio scalediffuse="false" align="center">keep</aspectratio>
						<texture>icon-admin.png</texture>
						<colordiffuse>orangeLight</colordiffuse>
					</control>
					<visible>!IsEmpty(ListItem.Property(admin)) | !IsEmpty(Container(3).ListItem(0).Property(admin))</visible>
				</control>
				<!-- selected -->
				<control type="group">
					<control type="image">
						<posx>160</posx>
						<posy>15</posy>
						<width>38</width>
						<height>38</height>
						<aspectratio scalediffuse="false" align="center">scale</aspectratio>
						<texture diffuse="round-small.png">round-small.png</texture>
						<animation effect="fade" start="0" end="50" time="0" condition="true">Conditional</animation>
						<colordiffuse>black</colordiffuse>
					</control>
					<control type="image">
						<posx>154</posx>
						<posy>26</posy>
						<width>50</width>
						<height>16</height>
						<aspectratio scalediffuse="false" align="center">keep</aspectratio>
						<texture>icon-selected.png</texture>
						<colordiffuse>FF5CB85C</colordiffuse>
					</control>
					<visible>ListItem.IsSelected | Container(3).ListItem(0).IsSelected</visible>
				</control>
				<!-- PIN -->
				<control type="group">
					<control type="image">
						<posx>13</posx>
						<posy>160</posy>
						<width>38</width>
						<height>38</height>
						<aspectratio scalediffuse="false" align="center">scale</aspectratio>
						<texture diffuse="round-small.png">round-small.png</texture>
						<animation effect="fade" start="0" end="50" time="0" condition="true">Conditional</animation>
						<colordiffuse>black</colordiffuse>
					</control>
					<control type="image">
						<posx>7</posx>
						<posy>172</posy>
						<width>50</width>
						<height>16</height>
						<aspectratio scalediffuse="false" align="center">keep</aspectratio>
						<texture>icon-pin.png</texture>
						<colordiffuse>FF5CB85C</colordiffuse>
					</control>
					<visible>!IsEmpty(ListItem.Property(protected)) | !IsEmpty(Container(3).ListItem(0).Property(protected))</visible>
				</control>
			</control>
		</control>
	</include>
	<include name="UserSwitchLoginKbButton">
		<font>Regular-16</font>
		<width>50</width>
		<height>40</height>
		<textoffsetx>20</textoffsetx>
		<textcolor>white</textcolor>
		<texturefocus>orange.png</texturefocus>
		<texturenofocus>mask-userswitch-kb-button.png</texturenofocus>
		<focusedcolor>black</focusedcolor>
	</include>
	<include name="UserSwitchLoginKbButtonBS">
		<font>Regular-12</font>
		<width>51</width>
		<height>163</height>
		<textoffsetx>20</textoffsetx>
		<textcolor>white</textcolor>
		<texturefocus>mask-userswitch-kb-delete-selected.png</texturefocus>
		<texturenofocus>mask-userswitch-kb-delete.png</texturenofocus>
		<focusedcolor>black</focusedcolor>
	</include>
	<include name="UserSwitchLoginKbButtonZero">
		<font>Regular-16</font>
		<width>152</width>
		<height>40</height>
		<textoffsetx>71</textoffsetx>
		<textcolor>white</textcolor>
		<texturefocus>mask-userswitch-kb-zero-selected.png</texturefocus>
		<texturenofocus>mask-userswitch-kb-zero.png</texturenofocus>
		<focusedcolor>black</focusedcolor>
	</include>
	<include name="UserSwitchLoginLoadingIndicator">
		<!-- Loading indicator -->
		<control type="group">
			<posx>624</posx>
			<posy>300</posy>
			<control type="image">
				<texture>ActivityIndicator.gif</texture>
				<width>32</width>
				<height>32</height>
			</control>
			<control type="label">
				<label>Loading users...</label>
				<font>Bold-16</font>
				<posx>-50</posx>
				<posy>60</posy>
				<textcolor>FF888888</textcolor>
			</control>
		</control>
	</include>
	<!-- list -->
	<include name="UserSwitchLogin">
		<control type="group">
			<!-- list -->
			<control type="group">
				<posy>229</posy>
				<posx>-138</posx>
				<control type="fixedlist" id="3">
					<width>1600</width>
					<height>400</height>
					<onleft>3</onleft>
					<onright>3</onright>
					<onup>3</onup>
					<ondown>3</ondown>
					<pagecontrol>-</pagecontrol>
					<scrolltime>300</scrolltime>
					<focusposition>3</focusposition>
					<texturefocus>-</texturefocus>
					<orientation>horizontal</orientation>
					<itemlayout height="400" width="224">
						<include>UserSwitchLoginUser</include>
					</itemlayout>
					<focusedlayout height="400" width="224">
						<include>UserSwitchLoginUserSelected</include>
					</focusedlayout>
				</control>
			</control>
		</control>
	</include>
	<!-- keyboard -->
	<include name="KbPIN">
		<control type="group">
			<control type="grouplist" id="500">
				<visible allowhiddenfocus="true">ControlGroup(500).HasFocus</visible>
				<animation effect="slide" start="0,0" end="0,200" time="200">Visible</animation>
				<posy>288</posy>
				<posx>100</posx>
				<itemgap>1</itemgap>
				<width>1280</width>
				<height>200</height>
				<onup>3</onup>
				<align>center</align>
				<orientation>horizontal</orientation>
				<!-- Column 1 -->
				<control type="grouplist" id="490">
					<itemgap>1</itemgap>
					<width>152</width>
					<height>163</height>
					<align>left</align>
					<orientation>vertical</orientation>
					<!-- Row 1 -->
					<control type="grouplist" id="491">
						<itemgap>1</itemgap>
						<width>152</width>
						<height>40</height>
						<onright>23</onright>
						<onleft>490</onleft>
						<align>center</align>
						<aligny>center</aligny>
						<orientation>horizontal</orientation>
						<control type="button" id="11">
							<description>'1' button</description>
							<onleft>501</onleft>
							<onright>501</onright>
							<onup>3</onup>
							<ondown>14</ondown>
							<label>$LOCALIZE[12311]</label>
							<include>UserSwitchLoginKbButton</include>
						</control>
						<control type="button" id="12">
							<description>'2' button</description>
							<onleft>501</onleft>
							<onright>501</onright>
							<onup>3</onup>
							<ondown>15</ondown>
							<label>$LOCALIZE[12312]</label>
							<include>UserSwitchLoginKbButton</include>
						</control>
						<control type="button" id="13">
							<description>'3' button</description>
							<onleft>501</onleft>
							<onright>23</onright>
							<onup>3</onup>
							<ondown>16</ondown>
							<label>$LOCALIZE[12313]</label>
							<include>UserSwitchLoginKbButton</include>
						</control>
					</control>
					<!-- Row 2 -->
					<control type="grouplist" id="492">
						<itemgap>1</itemgap>
						<width>152</width>
						<height>40</height>
						<onright>23</onright>
						<onleft>490</onleft>
						<align>center</align>
						<aligny>center</aligny>
						<orientation>horizontal</orientation>
						<control type="button" id="14">
							<description>'4' button</description>
							<onleft>23</onleft>
							<onright>15</onright>
							<onup>11</onup>
							<ondown>17</ondown>
							<label>$LOCALIZE[12314]</label>
							<include>UserSwitchLoginKbButton</include>
						</control>
						<control type="button" id="15">
							<description>'5' button</description>
							<onleft>14</onleft>
							<onright>16</onright>
							<onup>12</onup>
							<ondown>18</ondown>
							<label>$LOCALIZE[12315]</label>
							<include>UserSwitchLoginKbButton</include>
						</control>
						<control type="button" id="16">
							<description>'6' button</description>
							<onleft>15</onleft>
							<onright>23</onright>
							<onup>13</onup>
							<ondown>19</ondown>
							<label>$LOCALIZE[12316]</label>
							<include>UserSwitchLoginKbButton</include>
						</control>
					</control>
					<!-- Row 3 -->
					<control type="grouplist" id="493">
						<itemgap>1</itemgap>
						<width>152</width>
						<height>40</height>
						<onright>23</onright>
						<onleft>490</onleft>
						<align>center</align>
						<aligny>center</aligny>
						<orientation>horizontal</orientation>
						<control type="button" id="17">
							<description>'7' button</description>
							<onleft>10</onleft>
							<onright>503</onright>
							<onup>14</onup>
							<ondown>10</ondown>
							<label>$LOCALIZE[12317]</label>
							<include>UserSwitchLoginKbButton</include>
						</control>
						<control type="button" id="18">
							<description>'8' button</description>
							<onleft>503</onleft>
							<onright>503</onright>
							<onup>15</onup>
							<ondown>10</ondown>
							<label>$LOCALIZE[12318]</label>
							<include>UserSwitchLoginKbButton</include>
						</control>
						<control type="button" id="19">
							<description>'9' button</description>
							<onleft>503</onleft>
							<onright>23</onright>
							<onup>16</onup>
							<ondown>10</ondown>
							<label>$LOCALIZE[12319]</label>
							<include>UserSwitchLoginKbButton</include>
						</control>
					</control>
					<!-- Row 4 -->
					<control type="grouplist" id="494">
						<itemgap>1</itemgap>
						<width>152</width>
						<height>40</height>
						<onright>23</onright>
						<onleft>490</onleft>
						<align>center</align>
						<aligny>center</aligny>
						<orientation>horizontal</orientation>
						<control type="button" id="10">
							<description>'0' button</description>
							<width>152</width>
							<onleft>19</onleft>
							<onright>17</onright>
							<onup>493</onup>
							<ondown>491</ondown>
							<label>$LOCALIZE[12310]</label>
							<include>UserSwitchLoginKbButtonZero</include>
						</control>
					</control>
				</control>
				<!-- Column 2 -->
				<control type="grouplist" id="495">
					<control type="grouplist" id="496">
						<itemgap>1</itemgap>
						<width>51</width>
						<height>163</height>
						<align>left</align>
						<orientation>vertical</orientation>
						<control type="button" id="23">
							<description>BACKSPACE button</description>
							<onleft>490</onleft>
							<onright>-</onright>
							<onup>3</onup>
							<ondown>10</ondown>
							<include>UserSwitchLoginKbButtonBS</include>
							<label>&#x21A4;</label>
						</control>
					</control>
				</control>
			</control>				
		</control>
		<control type="group">
			<posy>229</posy>
			<posx>534</posx>
			<include>UserSwitchLoginUserSelected</include>
			<visible>!IsEmpty(Control.GetLabel(4)) | ControlGroup(500).HasFocus</visible>
		</control>
	</include>
</includes>
