<?xml version="1.0"?>
<includes>
	<!-- info formatting -->
	<include name="LeftInfoFormatGrey">
		<width min="29" max="200">auto</width>
		<height>20</height>
		<font>Regular-18</font>
		<include>White2</include>
	</include>
	<include name="LeftInfoFormatWhite">
		<width min="29" max="600">auto</width>
		<height>20</height>
		<font>Regular-18</font>
		<include>WhiteShadow</include>
	</include>
	<!-- bg's -->
	<include name="PlotBG">
		<control type="group">
			<animation effect="fade" start="0" end="50" time="0" condition="true">Conditional</animation>
			<control type="image">
				<posy>385</posy>
				<posx>15</posx>
				<width>776</width>
				<height>264</height>
				<include>Black</include>
			</control>
			<control type="image">
				<posx>791</posx>
				<posy>500</posy>
				<texture>arrow-big.png</texture>
				<colordiffuse>FF000000</colordiffuse>
			</control>
		</control>
	</include>
	<include name="RightBG">
		<control type="group">
			<animation effect="fade" start="0" end="20" time="0" condition="true">Conditional</animation>
			<control type="image">
				<posy>0</posy>
				<posx>791</posx>
				<include>WhiteArrowInsertLeft</include>
			</control>
		</control>
	</include>
	<include name="PlotBGShowAndSeason">
		<control type="group">
			<animation effect="fade" start="0" end="50" time="0" condition="true">Conditional</animation>
			<control type="image">
				<posy>385</posy>
				<posx>0</posx>
				<width>571</width>
				<height>264</height>
				<include>Black</include>
			</control>
			<control type="image">
				<posx>571</posx>
				<posy>500</posy>
				<texture>arrow-big.png</texture>
				<colordiffuse>FF000000</colordiffuse>
			</control>
		</control>
	</include>
	<include name="RightBGShowAndSeason">
		<control type="group">
			<animation effect="fade" start="0" end="20" time="0" condition="true">Conditional</animation>
			<control type="image">
				<posy>0</posy>
				<posx>571</posx>
				<include>WhiteArrowInsertLeft</include>
			</control>
		</control>
	</include>
	<!-- -->
	<!-- thumbs -->
	<include name="EpisodeThumb">
		<control type="image">
			<posx>0</posx>
			<posy>0</posy>
			<width>224</width>
			<height>132</height>
			<include>Shadow</include>
		</control>
		<control type="image">
			<posx>13</posx>
			<posy>13</posy>
			<width>198</width>
			<height>106</height>
			<texture background="true">default-thumb-small.png</texture>
		</control>
		<control type="image">
			<posx>13</posx>
			<posy>13</posy>
			<width>198</width>
			<height>106</height>
			<texture background="true" diffuse="mask-clip-small.png">$INFO[ListItem.Art(smallThumb)]</texture>
			<aspectratio scalediffuse="false" align="center" aligny="top">scale</aspectratio>
		</control>
	</include>
	<include name="EpisodeThumbCard">
		<control type="image">
			<posx>13</posx>
			<posy>117</posy>
			<width>198</width>
			<height>50</height>
			<include>Card</include>
			<animation effect="fade" start="0" end="40" time="0" condition="true">Conditional</animation>
		</control>
		<control type="image">
			<posx>13</posx>
			<posy>141</posy>
			<width>198</width>
			<height>26</height>
			<include>Card</include>
			<animation effect="fade" start="0" end="40" time="0" condition="true">Conditional</animation>
		</control>
	</include>
	<include name="EpisodeTitle">
		<posy>121</posy>
		<posx>20</posx>
		<width>174</width>
		<height>20</height>
		<align>left</align>
		<aligny>center</aligny>
		<label>$INFO[ListItem.Label]</label>
		<font>Regular-14</font>
		<shadowcolor>ff222222</shadowcolor>
	</include>
	<include name="EpisodeDate">
		<control type="label">
			<posy>145</posy>
			<posx>20</posx>
			<width>174</width>
			<height>20</height>
			<align>left</align>
			<aligny>center</aligny>
			<label>$INFO[ListItem.Date]</label>
			<font>Regular-14</font>
			<textcolor>FF999999</textcolor>
			<shadowcolor>ff222222</shadowcolor>
		</control>
	</include>
	<include name="EpisodeThumbOverlay">
		<control type="image">
			<posx>13</posx>
			<posy>81</posy>
			<width>198</width>
			<height>38</height>
			<include>Black</include>
			<animation effect="fade" start="0" end="40" time="0" condition="true">Conditional</animation>
		</control>
	</include>
	<!-- extras -->
	<include name="ExtraThumb">
		<control type="image">
			<posx>13</posx>
			<posy>13</posy>
			<width>220</width>
			<height>124</height>
			<texture background="true">default-thumb-small.png</texture>
		</control>
		<control type="image">
			<posx>13</posx>
			<posy>13</posy>
			<width>220</width>
			<height>124</height>
			<texture background="true" diffuse="mask-wide-big.png">$INFO[ListItem.Art(thumb)]</texture>
			<aspectratio scalediffuse="false" align="center" aligny="top">scale</aspectratio>
		</control>
	</include>
	<include name="ExtraThumbCard">
		<control type="image">
			<posx>13</posx>
			<posy>97</posy>
			<width>220</width>
			<height>100</height>
			<include>Card</include>
			<animation effect="fade" start="0" end="40" time="400" condition="true">Conditional</animation>
		</control>
	</include>
	<include name="ExtraIconPlay">
		<control type="image">
			<posx>92</posx>
			<posy>44</posy>
			<width>64</width>
			<height>64</height>
			<texture>b-play-extra-s.png</texture>
			<animation effect="fade" start="0" end="100" time="400" condition="true">Conditional</animation>
		</control>
	</include>
	<include name="ExtraThumbSelectedBorder">
		<control type="image">
			<width>226</width>
			<height>190</height>
			<include>Border</include>
		</control>
	</include>
	<include name="ExtraTypeTitle">
		<posy>109</posy>
		<posx>24</posx>
		<width>190</width>
		<height>20</height>
		<align>left</align>
		<aligny>center</aligny>
		<label>$INFO[ListItem.Property(extraTypeStr)]</label>
		<font>Bold-22</font>
		<shadowcolor>FF222222</shadowcolor>
	</include>
	<include name="ExtraTitle">
		<posy>146</posy>
		<posx>24</posx>
		<width>190</width>
		<height>20</height>
		<align>left</align>
		<aligny>center</aligny>
		<label>$INFO[ListItem.Label]</label>
		<font>Regular-14</font>
		<shadowcolor>FF222222</shadowcolor>
	</include>
	<include name="ExtraSecondTitle">
		<control type="label">
			<posy>170</posy>
			<posx>24</posx>
			<width>190</width>
			<height>20</height>
			<align>left</align>
			<aligny>center</aligny>
			<font>Regular-14</font>
			<textcolor>FF999999</textcolor>
			<label>$INFO[ListItem.DurationStr]</label>
			<shadowcolor>FF222222</shadowcolor>
		</control>
	</include>
	<!-- all episodes are from the same season -->
	<include name="EpisodeThumbOverlayTitle">
		<posy>88</posy>
		<posx>20</posx>
		<width>180</width>
		<height>30</height>
		<align>left</align>
		<aligny>center</aligny>
		<label>E$INFO[ListItem.Episode]</label>
		<font>Bold-26</font>
		<shadowcolor>ff222222</shadowcolor>
	</include>
	<!-- episodes are mixed from different seasons -->
	<include name="EpisodeThumbOverlayTitle2">
		<posy>88</posy>
		<posx>20</posx>
		<width>180</width>
		<height>30</height>
		<align>left</align>
		<aligny>center</aligny>
		<label>S$INFO[ListItem.Season]&#xB7;E$INFO[ListItem.Episode]</label>
		<font>Bold-26</font>
		<shadowcolor>ff222222</shadowcolor>
	</include>
	<include name="EpisodeSelectedBorder">
		<control type="image">
			<posx>12</posx>
			<posy>13</posy>
			<width>200</width>
			<height>156</height>
			<include>Border</include>
		</control>
	</include>
	<!-- posters tv -->
	<include name="TVPoster">
		<control type="image">
			<posx>0</posx>
			<posy>0</posy>
			<width>208</width>
			<height>300</height>
			<include>Shadow</include>
		</control>
		<control type="image">
			<posx>13</posx>
			<posy>13</posy>
			<width>182</width>
			<height>274</height>
			<texture background="true">default-poster-middle.png</texture>
		</control>
		<control type="image">
			<posx>13</posx>
			<posy>13</posy>
			<width>182</width>
			<height>274</height>
			<texture background="true" diffuse="mask-poster-middle.png">$INFO[ListItem.Art(thumb)]</texture>
			<aspectratio scalediffuse="false" align="center" aligny="top">scale</aspectratio>
		</control>
	</include>
	<include name="TVPosterSelectedBorder">
		<control type="image">
			<width>188</width>
			<height>280</height>
			<include>Border</include>
		</control>
	</include>
	<include name="PosterThumbUnwatchedOverlay">
		<!-- season poster -->
		<control type="group">
			<control type="image">
				<posx>155</posx>
				<posy>246</posy>
				<width>36</width>
				<height>36</height>
				<info>ListItem.Overlay</info>
			</control>
			<control type="label">
				<posy>251</posy>
				<posx>172</posx>
				<width>40</width>
				<height>30</height>
				<align>center</align>
				<aligny>center</aligny>
				<label>$INFO[ListItem.Property(UnWatchedEpisodes)]</label>
				<font>Bold-16</font>
				<shadowcolor>FF222222</shadowcolor>
			</control>
			<visible>[Container.PlexContent(Seasons) + [ListItem.Status(Unwatched) | ListItem.Status(InProgress)] + !Skin.HasSetting(HideUnwatchedIconsTVShows)]</visible>
		</control>
		<!-- episode thumb -->
		<control type="group">
			<control type="image">
				<posy>87</posy>
				<posx>176</posx>
				<width>28</width>
				<height>28</height>
				<info>ListItem.Overlay</info>
				<visible>Container.PlexContent(Episodes) | [Container.PlexContent(clips)]</visible>
			</control>
		</control>
	</include>
	<!-- poster movie -->
	<include name="MoviePosterBig">
		<control type="largeimage">
			<posy>68</posy>
			<posx>117</posx>
			<width>360</width>
			<height>540</height>
			<texture background="true">default-poster-big.png</texture>
		</control>
		<control type="largeimage">
			<posy>68</posy>
			<posx>117</posx>
			<width>360</width>
			<height>540</height>
			<texture background="true" diffuse="preplay-poster-big-mask.png">$INFO[ListItem.Art(bigThumb)]</texture>
			<!--><texture background="true" diffuse="preplay-poster-big-mask.png">$INFO[ListItem.Art(bigPoster)]</texture>-->
			<aspectratio scalediffuse="false" align="center" aligny="top">scale</aspectratio>
			<animation effect="fade" start="0" end="100" time="0" condition="true">Conditional</animation>
		</control>
	</include>
	<!-- audio/subtitles buttons -->
	<include name="AudioSubtitlesButton">
		<description>button</description>
	</include>
	<!-- PRE-PLAY -->
	<!-- Filtered Empty list -->
	<include name="FilteredEmpty">
		<control type="group" id="777">
			<visible>Container.Content(empty)</visible>
			<include>FadeDialog</include>
			<include>rightSideSlide</include>
			<!-- main list -->
			<control type="panel" id="66">
				<visible>Container.Content(empty)</visible>
				<viewtype label="FilteredEmpty">panel</viewtype>
				<onup>66</onup>
				<ondown>66</ondown>
				<onright>66</onright>
				<onleft>1300</onleft>
				<orientation>vertical</orientation>
				<posx>100</posx>
				<posy>27</posy>
				<width>1280</width>
				<height>665</height>
				<itemlayout width="285" height="165">
				</itemlayout>
				<focusedlayout width="285" height="165">
				</focusedlayout>
				<!-- default empty list item -->
				<content>
					<item id="1">
						<description>Search</description>
						<label>$LOCALIZE[137]</label>
						<onfocus>Control.SendClick(1)</onfocus>
						<onclick>Control.SetFocus(1300)</onclick>
					</item>
				</content>
			</control>
		</control>
	</include>
	<!-- Pre-play TV Show -->
	<include name="PreplayShow">
		<control type="group" id="777">
			<include>FadeDialog</include>
			<visible>Container.PlexContent(Seasons)</visible>
			<include>rightSideSlide</include>
			<control type="group">
				<visible> Control.IsVisible(60)</visible>
				<!-- backgrounds -->
				<control type="group">
					<include>PlotBGShowAndSeason</include>
					<include>RightBGShowAndSeason</include>
				</control>
				<!-- poster -->
				<control type="group">
					<posx>102</posx>
					<posy>28</posy>
					<control type="image">
						<posx>0</posx>
						<posy>0</posy>
						<width>208</width>
						<height>300</height>
						<include>Shadow</include>
					</control>
					<control type="image">
						<description>Poster image</description>
						<posx>13</posx>
						<posy>13</posy>
						<width>185</width>
						<height>274</height>
						<fadetime>160</fadetime>
						<texture background="true" diffuse="mask-poster-middle.png">$INFO[Container.FolderThumb]</texture>
						<aspectratio scalediffuse="false" align="center" aligny="top">scale</aspectratio>
					</control>
				</control>
				<!-- Infos Left -->
				<control type="group">
					<posy>38</posy>
					<posx>336</posx>
					<!-- Title -->
					<control type="label">
						<width min="29" max="226">auto</width>
						<height>44</height>
						<label>$INFO[Container.SecondTitle]</label>
						<label>Seasons view</label>
						<font>Bold-36</font>
						<include>WhiteShadow</include>
						<visible>true</visible>
					</control>
					<!-- MPAA flag -->
					<control type="image">
						<posy>60</posy>
						<width>60</width>
						<height>30</height>
						<texture>$INFO[Listitem.Art(mediaTag::contentRating)]</texture>
						<aspectratio align="left" aligny="center">keep</aspectratio>
						<colordiffuse>FF999999</colordiffuse>
						<animation effect="fade" start="0" end="100" time="0" condition="true">Conditional</animation>
						<visible>true</visible>
					</control>
					<!-- Star Rating -->
					<!--><control type="image">
					<posy>89</posy>
					<width>200</width>
					<height>20</height>
					<texture>$INFO[ListItem.StarRating]</texture>
					<aspectratio align="right" aligny="center">keep</aspectratio>
					<animation effect="fade" start="0" end="100" time="0" condition="true">Conditional</animation>
					<visible>true</visible>
				</control>-->
					<!-- Genre -->
					<control type="grouplist">
						<posy>252</posy>
						<orientation>horizontal</orientation>
						<itemgap>10</itemgap>
						<control type="label">
							<include>LeftInfoFormatGrey</include>
							<label>[UPPERCASE]$LOCALIZE[31131][/UPPERCASE]</label>
							<visible>true</visible>
						</control>
						<control type="label">
							<width min="29" max="156">auto</width>
							<include>LeftInfoFormatWhite</include>
							<label>$INFO[ListItem.Genre]</label>
							<visible>true</visible>
						</control>
					</control>
				</control>
				<!-- show plot -->
				<control type="textbox">
					<posx>114</posx>
					<posy>412</posy>
					<width>416</width>
					<height>200</height>
					<include>PlotFormat</include>
					<label>$INFO[Container.ShowPlot]</label>
				</control>
				<control type="textbox">
					<posx>114</posx>
					<posy>412</posy>
					<width>416</width>
					<height>200</height>
					<include>PlotFormat</include>
					<include>NoPlotDefault</include>
					<visible>IsEmpty(Container.ShowPlot)</visible>
				</control>
			</control>
			<!-- main list -->
			<control type="panel" id="60">
				<visible>Container.PlexContent(Seasons)</visible>
				<viewtype label="PreplaySeasons">panel</viewtype>
				<onup>60</onup>
				<ondown>60</ondown>
				<onright>Container.NextViewMode</onright>
				<onleft>998</onleft>
				<orientation>vertical</orientation>
				<posx>598</posx>
				<posy>30</posy>
				<width>700</width>
				<height>670</height>
				<itemlayout width="223" height="335">
					<include>TVPoster</include>
					<control type="image">
						<posx>13</posx>
						<posy>243</posy>
						<width>182</width>
						<height>44</height>
						<include>BlackRoundedHalf</include>
						<animation effect="fade" start="0" end="70" time="0" condition="true">Conditional</animation>
					</control>
					<control type="label">
						<posy>252</posy>
						<posx>23</posx>
						<width>180</width>
						<height>30</height>
						<align>left</align>
						<aligny>center</aligny>
						<label>[UPPERCASE]$LOCALIZE[593][/UPPERCASE]</label>
						<font>Bold-26</font>
						<textcolor>white</textcolor>
						<shadowcolor>ff222222</shadowcolor>
						<visible>IsEmpty(ListItem.Season) + !ListItem.Type(season)</visible>
					</control>
					<control type="label">
						<posy>252</posy>
						<posx>23</posx>
						<width>180</width>
						<height>30</height>
						<align>left</align>
						<aligny>center</aligny>
						<label>[UPPERCASE]$LOCALIZE[31145][/UPPERCASE]</label>
						<font>Bold-26</font>
						<textcolor>white</textcolor>
						<shadowcolor>ff222222</shadowcolor>
						<visible>IsEmpty(ListItem.Season) + ListItem.Type(season)</visible>
					</control>
					<control type="label">
						<posy>252</posy>
						<posx>23</posx>
						<width>180</width>
						<height>30</height>
						<align>left</align>
						<aligny>center</aligny>
						<label>S$INFO[ListItem.Season]</label>
						<font>Bold-26</font>
						<textcolor>white</textcolor>
						<shadowcolor>ff222222</shadowcolor>
						<visible>ListItem.Type(season) + !IsEmpty(ListItem.Season)</visible>
					</control>
					<include>PosterThumbUnwatchedOverlay</include>
				</itemlayout>
				<focusedlayout width="223" height="335">
					<include>TVPoster</include>
					<control type="image">
						<posx>13</posx>
						<posy>243</posy>
						<width>182</width>
						<height>44</height>
						<include>BlackRoundedHalf</include>
						<animation effect="fade" start="0" end="70" time="0" condition="true">Conditional</animation>
					</control>
					<include>TVPosterSelectedBorder</include>
					<control type="label">
						<posy>252</posy>
						<posx>23</posx>
						<width>180</width>
						<height>30</height>
						<align>left</align>
						<aligny>center</aligny>
						<label>[UPPERCASE]$LOCALIZE[593][/UPPERCASE]</label>
						<font>Bold-26</font>
						<textcolor>orangeLight</textcolor>
						<shadowcolor>ff222222</shadowcolor>
						<visible>IsEmpty(ListItem.Season) + !ListItem.Type(season)</visible>
					</control>
					<control type="label">
						<posy>252</posy>
						<posx>23</posx>
						<width>180</width>
						<height>30</height>
						<align>left</align>
						<aligny>center</aligny>
						<label>[UPPERCASE]$LOCALIZE[31145][/UPPERCASE]</label>
						<font>Bold-26</font>
						<textcolor>orangeLight</textcolor>
						<shadowcolor>ff222222</shadowcolor>
						<visible>IsEmpty(ListItem.Season) + ListItem.Type(season)</visible>
					</control>
					<control type="label">
						<posy>252</posy>
						<posx>23</posx>
						<width>180</width>
						<height>30</height>
						<align>left</align>
						<aligny>center</aligny>
						<label>S$INFO[ListItem.Season]</label>
						<font>Bold-26</font>
						<textcolor>orangeLight</textcolor>
						<shadowcolor>ff222222</shadowcolor>
						<visible>ListItem.Type(season) + !IsEmpty(ListItem.Season)</visible>
					</control>
					<include>PosterThumbUnwatchedOverlay</include>
				</focusedlayout>
			</control>
		</control>
	</include>
	<!-- Pre-play Season -->
	<include name="PreplaySeason">
		<control type="group" id="777">
			<visible>Container.PlexContent(Episodes) + !IsEmpty(Container.Property(PlexPreplay))</visible>
			<include>FadeDialog</include>
			<include>rightSideSlide</include>
			<control type="group">
				<visible> Control.IsVisible(61)</visible>
				<!-- backgrounds -->
				<control type="group">
					<include>PlotBGShowAndSeason</include>
					<include>RightBGShowAndSeason</include>
				</control>
				<!-- poster -->
				<control type="group">
					<posx>102</posx>
					<posy>28</posy>
					<control type="image">
						<posx>0</posx>
						<posy>0</posy>
						<width>208</width>
						<height>300</height>
						<include>Shadow</include>
					</control>
					<control type="image">
						<description>Poster image</description>
						<posx>13</posx>
						<posy>13</posy>
						<width>182</width>
						<height>274</height>
						<texture background="true" diffuse="mask-poster-middle.png">$INFO[Container.Thumb]</texture>
						<aspectratio scalediffuse="false" align="center" aligny="top">scale</aspectratio>
						<visible>IsEmpty(Container.Property(mixedParents))</visible>
					</control>
					<control type="image">
						<description>Poster image</description>
						<posx>13</posx>
						<posy>13</posy>
						<width>182</width>
						<height>274</height>
						<texture background="true" diffuse="mask-poster-middle.png">$INFO[ListItem.Art(parentThumb)]</texture>
						<aspectratio scalediffuse="false" align="center" aligny="top">scale</aspectratio>
						<visible>!IsEmpty(Container.Property(mixedParents))</visible>
					</control>
				</control>
				<!-- Infos Left -->
				<control type="group">
					<posy>38</posy>
					<posx>336</posx>
					<!-- Titles -->
					<control type="label">
						<width>226</width>
						<height>44</height>
						<label>$INFO[Container.FirstTitle]</label>
						<font>Bold-36</font>
						<textcolor>white</textcolor>
						<shadowcolor>ff333333</shadowcolor>
						<visible>IsEmpty(Container.Property(mixedParents))</visible>
					</control>
					<control type="label">
						<width>226</width>
						<height>44</height>
						<label>$INFO[Container.Property(parentTitle)]</label>
						<font>Bold-36</font>
						<textcolor>white</textcolor>
						<shadowcolor>ff333333</shadowcolor>
						<visible>!IsEmpty(Container.Property(mixedParents))</visible>
					</control>
					<control type="label">
						<posy>40</posy>
						<width>226</width>
						<height>44</height>
						<label>$INFO[Container.SecondTitle]</label>
						<font>Bold-36</font>
						<include>Grey1</include>
						<shadowcolor>ff333333</shadowcolor>
						<visible>IsEmpty(Container.Property(mixedParents))</visible>
					</control>
					<control type="label">
						<posy>40</posy>
						<width>226</width>
						<height>44</height>
						<label>$LOCALIZE[32102]</label>
						<font>Bold-36</font>
						<include>Grey1</include>
						<shadowcolor>ff333333</shadowcolor>
						<visible>!IsEmpty(Container.Property(mixedParents))</visible>
					</control>
					<!-- Year -->
					<control type="label">
						<posy>82</posy>
						<width>226</width>
						<height>40</height>
						<align>left</align>
						<label>$INFO[ListItem.Year]</label>
						<font>Bold-36</font>
						<include>Grey1</include>
						<shadowcolor>ff333333</shadowcolor>
						<visible>true</visible>
					</control>
				</control>
				<!-- plot text -->
				<control type="textbox">
					<posx>114</posx>
					<posy>412</posy>
					<width>416</width>
					<height>200</height>
					<include>PlotFormat</include>
					<label>$INFO[ListItem.Plot]</label>
					<visible>ListItem.Status(Watched) | [!Skin.HasSetting(HidePlotForUnwatched) + [ListItem.Status(InProgress) | ListItem.Status(UnWatched)]]</visible>
				</control>
				<control type="textbox">
					<posx>114</posx>
					<posy>412</posy>
					<width>416</width>
					<height>200</height>
					<include>PlotFormat</include>
					<label>$LOCALIZE[32105]</label>
					<visible>Skin.HasSetting(HidePlotForUnwatched) + [ListItem.Status(InProgress) | ListItem.Status(UnWatched)] + !IsEmpty(ListItem.Plot)</visible>
				</control>
				<control type="textbox">
					<posx>114</posx>
					<posy>412</posy>
					<width>416</width>
					<height>200</height>
					<include>PlotFormat</include>
					<include>NoPlotDefault</include>
					<visible>IsEmpty(ListItem.Plot)</visible>
				</control>
			</control>
			<!-- main list -->
			<control type="panel" id="61">
				<visible>Container.PlexContent(Episodes) + !IsEmpty(Container.Property(PlexPreplay))</visible>
				<viewtype label="PreplayEpisodes">panel</viewtype>
				<onup>61</onup>
				<ondown>61</ondown>
				<onright>Container.NextViewMode</onright>
				<onleft>998</onleft>
				<orientation>vertical</orientation>
				<posx>588</posx>
				<posy>27</posy>
				<width>750</width>
				<height>665</height>
				<itemlayout width="226" height="165">
					<include>EpisodeThumbCard</include>
					<include>EpisodeThumb</include>
					<control type="label">
						<include>EpisodeTitle</include>
						<textcolor>white</textcolor>
					</control>
					<include>EpisodeDate</include>
					<include>EpisodeThumbOverlay</include>
					<control type="label">
						<include>EpisodeThumbOverlayTitle</include>
						<textcolor>white</textcolor>
						<visible>IsEmpty(Container.Property(mixedParents))</visible>
					</control>
					<control type="label">
						<include>EpisodeThumbOverlayTitle2</include>
						<textcolor>white</textcolor>
						<visible>!IsEmpty(Container.Property(mixedParents))</visible>
					</control>
					<include>PosterThumbUnwatchedOverlay</include>
				</itemlayout>
				<focusedlayout width="226" height="165">
					<include>EpisodeThumbCard</include>
					<include>EpisodeThumb</include>
					<control type="label">
						<include>EpisodeTitle</include>
						<textcolor>orangeLight</textcolor>
					</control>
					<include>EpisodeDate</include>
					<include>EpisodeThumbOverlay</include>
					<control type="label">
						<include>EpisodeThumbOverlayTitle</include>
						<textcolor>orangeLight</textcolor>
						<visible>IsEmpty(Container.Property(mixedParents))</visible>
					</control>
					<control type="label">
						<include>EpisodeThumbOverlayTitle2</include>
						<textcolor>orangeLight</textcolor>
						<visible>!IsEmpty(Container.Property(mixedParents))</visible>
					</control>
					<include>PosterThumbUnwatchedOverlay</include>
					<include>EpisodeSelectedBorder</include>
				</focusedlayout>
			</control>
		</control>
	</include>
	<!-- Pre-play Episode -->
	<include name="PreplayEpisode">
		<control type="group" id="777">
			<posy>-28</posy>
			<visible>Container.PlexContent(Episode)</visible>
			<include>FadeDialog</include>
			<include>rightSideSlide</include>
			<!-- backgrounds -->
			<control type="group">
				<control type="largeimage">
					<posy>28</posy>
					<posx>0</posx>
					<width>1280</width>
					<height>720</height>
					<texture>preplay-movie-episode-bg.png</texture>
					<aspectratio>scale</aspectratio>
				</control>
			</control>
			<!-- poster -->
			<control type="largeimage">
				<posy>67</posy>
				<posx>293</posx>
				<width>184</width>
				<height>276</height>
				<texture background="true" diffuse="preplay-poster-big-mask.png">$INFO[ListItem.GrandparentThumb]</texture>
				<aspectratio scalediffuse="false" align="center" aligny="top">scale</aspectratio>
				<animation effect="fade" start="0" end="100" time="0" condition="true">Conditional</animation>
			</control>
			<!-- thumb -->
			<control type="largeimage">
				<posy>420</posy>
				<posx>117</posx>
				<width>360</width>
				<height>190</height>
				<texture background="true" diffuse="preplay-poster-big-mask.png">$INFO[ListItem.Art(thumb)]</texture>
				<aspectratio scalediffuse="false" align="center" aligny="top">scale</aspectratio>
				<animation effect="fade" start="0" end="100" time="0" condition="true">Conditional</animation>
			</control>
			<!-- Infos Left -->
			<control type="grouplist">
				<orientation>vertical</orientation>
				<itemgap>6</itemgap>
				<posy>62</posy>
				<posx>560</posx>
				<!-- Title -->
				<control type="label">
					<width>570</width>
					<height>44</height>
					<label>$INFO[ListItem.TVShowTitle]</label>
					<font>Bold-36</font>
					<include>WhiteShadow</include>
					<visible>true</visible>
				</control>
				<!-- Title Episode & Watched/Unwatched indicator -->
				<control type="grouplist">
					<width>600</width>
					<height>44</height>
					<align>left</align>
					<usecontrolcoords>true</usecontrolcoords>
					<orientation>horizontal</orientation>
					<itemgap>20</itemgap>
					<control type="label">
						<width min="29" max="450">auto</width>
						<height>44</height>
						<label>$INFO[ListItem.Label]</label>
						<font>Bold-36</font>
						<include>Grey1</include>
						<visible>true</visible>
					</control>
					<control type="image">
						<posy>5</posy>
						<width>30</width>
						<height>30</height>
						<texture>$INFO[ListItem.Overlay]</texture>
					</control>
				</control>
				<!-- Season, Episode -->
				<control type="label">
					<width>600</width>
					<height>25</height>
					<label>$LOCALIZE[31141] $INFO[ListItem.Season] &#xB7; $LOCALIZE[31114, &#xB7; ] $INFO[ListItem.Episode]$INFO[ListItem.Date, &#xB7; ]</label>
					<font>Regular-18</font>
					<include>WhiteShadow</include>
					<visible>!IsEmpty(ListItem.Season)</visible>
				</control>
				<control type="label">
					<width>600</width>
					<height>25</height>
					<label>$LOCALIZE[31145] &#xB7; $LOCALIZE[31114, &#xB7; ] $INFO[ListItem.Episode]$INFO[ListItem.Date, &#xB7; ]</label>
					<font>Regular-18</font>
					<include>WhiteShadow</include>
					<visible>IsEmpty(ListItem.Season)</visible>
				</control>
				<!-- Unavailable indicator -->
				<include>UnavailableIndicator</include>
			</control>
			<!-- Infos Right -->
			<control type="group">
				<posy>68</posy>
				<!-- MPAA flag -->
				<control type="image">
					<posy>-4</posy>
					<posx>100r</posx>
					<width>60</width>
					<height>30</height>
					<texture>$INFO[Listitem.Art(mediaTag::contentRating)]</texture>
					<aspectratio align="right" aligny="center">keep</aspectratio>
					<colordiffuse>FF999999</colordiffuse>
					<animation effect="fade" start="0" end="100" time="0" condition="true">Conditional</animation>
					<visible>true</visible>
				</control>
				<!-- DurationStr -->
				<control type="label">
					<posy>46</posy>
					<posx>40r</posx>
					<width>200</width>
					<height>40</height>
					<align>right</align>
					<label>$INFO[ListItem.DurationStr]</label>
					<font>Bold-36</font>
					<include>Grey1</include>
					<visible>true</visible>
				</control>
				<!-- Star Rating -->
				<control type="image">
					<posy>95</posy>
					<posx>140r</posx>
					<width>100</width>
					<height>20</height>
					<texture>$INFO[ListItem.StarRating]</texture>
					<aspectratio align="right" aligny="center">keep</aspectratio>
					<visible>IsEmpty(ListItem.Property(hasUserRating))</visible>
				</control>
				<control type="image">
					<posy>95</posy>
					<posx>140r</posx>
					<width>100</width>
					<height>20</height>
					<texture>$INFO[ListItem.StarRating]</texture>
					<aspectratio align="right" aligny="center">keep</aspectratio>
					<colordiffuse>orange</colordiffuse>
					<visible>!IsEmpty(ListItem.Property(hasUserRating))</visible>
				</control>
			</control>
			<!-- Director -->
			<control type="grouplist">
				<posy>268</posy>
				<posx>560</posx>
				<orientation>horizontal</orientation>
				<itemgap>10</itemgap>
				<control type="label">
					<label>[UPPERCASE]$LOCALIZE[31135][/UPPERCASE]</label>
					<include>LeftInfoFormatGrey</include>
				</control>
				<control type="label">
					<label>$INFO[ListItem.Director]</label>
					<include>LeftInfoFormatWhite</include>
				</control>
			</control>
			<!-- Audio & Subtitles buttons -->
			<control type="group" id="999">
				<defaultcontrol always="true">19101</defaultcontrol>
				<!-- Audio -->
				<control type="grouplist">
					<posy>298</posy>
					<posx>560</posx>
					<orientation>horizontal</orientation>
					<itemgap>10</itemgap>
					<control type="label">
						<textoffsetx>0</textoffsetx>
						<!-- NOTE: NEED STRING FOR THIS -->
						<!--><label>[UPPERCASE]$LOCALIZE[31134][/UPPERCASE]</label>-->
						<label>[UPPERCASE]Audio[/UPPERCASE]</label>
						<include>LeftInfoFormatGrey</include>
					</control>
					<control type="label">
						<label>$INFO[ListItem.Property(SelectedAudioStream)]</label>
						<include>LeftInfoFormatWhite</include>
					</control>
				</control>
				<!-- Subtitles -->
				<control type="grouplist">
					<posy>328</posy>
					<posx>560</posx>
					<orientation>horizontal</orientation>
					<itemgap>10</itemgap>
					<control type="label">
						<textoffsetx>0</textoffsetx>
						<!-- NOTE: NEED STRING FOR THIS -->
						<!--><label>[UPPERCASE]$LOCALIZE[31134][/UPPERCASE]</label>-->
						<label>[UPPERCASE]Subtitles[/UPPERCASE]</label>
						<include>LeftInfoFormatGrey</include>
					</control>
					<control type="label">
						<label>$INFO[ListItem.Property(SelectedSubtitleStream)]</label>
						<include>LeftInfoFormatWhite</include>
					</control>
				</control>
			</control>
			<!-- plot -->
			<control type="textbox">
				<label>$INFO[ListItem.Plot]</label>
				<include>PlotFormat</include>
				<visible>ListItem.Status(Watched) | [!Skin.HasSetting(HidePlotForUnwatched) + [ListItem.Status(InProgress) | ListItem.Status(UnWatched)]]</visible>
			</control>
			<control type="textbox">
				<label>$LOCALIZE[32105]</label>
				<include>PlotFormat</include>
				<visible>Skin.HasSetting(HidePlotForUnwatched) + [ListItem.Status(InProgress) | ListItem.Status(UnWatched)] + !IsEmpty(ListItem.Plot)</visible>
			</control>
			<control type="textbox">
				<include>PlotFormat</include>
				<include>NoPlotDefault</include>
				<visible>IsEmpty(ListItem.Plot)</visible>
			</control>
			<!-- MediaFlags -->
			<include>MediaFlags</include>
		</control>
	</include>
	<!-- Pre-play Movie -->
	<include name="PreplayMovie">
		<!-- extras bg's -->
		<control type="group">
			<posy>O</posy>
			<posx>-223</posx>
			<animation effect="slide" start="0" end="148.5" time="500" condition="Window.IsActive(10209)">Conditional</animation>
			<animation effect="slide" start="148.5" end="0" time="500" condition="!Window.IsActive(10209)">Conditional</animation>
			<control type="image">
				<posy>0</posy>
				<width>297</width>
				<height>720</height>
				<texture border="10">black.png</texture>
				<animation effect="fade" start="0" end="50" time="0" condition="true">Conditional</animation>
			</control>
			<!--><control type="image">
					<posx>0</posx>
					<posy>0</posy>
					<width>296</width>
					<height>90</height>
					<texture background="true">black.png</texture>
					<animation effect="fade" start="0" end="50" time="0" condition="true">Conditional</animation>
				</control>-->
			<!-- title bg -->
			<!--><control type="image">
				<width>297</width>
				<height>80</height>
				<texture border="10">black.png</texture>
			</control>
			<control type="image">
				<posy>30</posy>
				<width>297</width>
				<height>50</height>
				<texture>border-bottom-grey.png</texture>
			</control>-->
		</control>
		<!-- extras -->
		<include>leftMenuBg</include>
		<control type="group">
			<animation effect="slide" start="0" end="297" time="500" condition="Control.HasFocus(30)">Conditional</animation>
			<posx>-224</posx>
			<control type="group">
				<posx>0</posx>
				<posy>20</posy>
				<control type="label">
					<posx>36</posx>
					<posy>40</posy>
					<label>$LOCALIZE[41008] ($INFO[Container(30).NumItems])</label>
					<font>Bold-36</font>
					<include>WhiteShadow</include>
				</control>
				<control type="group">
					<posy>68</posy>
					<posx>26</posx>
					<control type="list" id="30">
						<width>260</width>
						<height>600</height>
						<onleft>998</onleft>
						<onright>998</onright>
						<onup>30</onup>
						<ondown>30</ondown>
						<pagecontrol>61</pagecontrol>
						<scrolltime>200</scrolltime>
						<itemlayout height="200">
							<include>ExtraThumb</include>
							<include>ExtraThumbCard</include>
							<control type="label">
								<include>ExtraTypeTitle</include>
							</control>
							<control type="label">
								<include>ExtraTitle</include>
							</control>
							<include>ExtraSecondTitle</include>
						</itemlayout>
						<focusedlayout height="200">
							<include>ExtraThumb</include>
							<include>ExtraThumbCard</include>
							<!--><include>ExtraIconPlay</include>-->
							<control type="label">
								<include>ExtraTypeTitle</include>
								<textcolor>orangeLight</textcolor>
							</control>
							<control type="label">
								<include>ExtraTitle</include>
								<textcolor>orangeLight</textcolor>
							</control>
							<include>ExtraSecondTitle</include>
							<include>ExtraThumbSelectedBorder</include>
						</focusedlayout>
					</control>
					<control type="scrollbar" id="61">
						<description>Scroll Bar</description>
						<posy>3</posy>
						<posx>250</posx>
						<width>20</width>
						<height>584</height>
						<animation effect="fade" start="0" end="100" time="500" condition="true" delay="500">WindowOpen</animation>
					</control>
				</control>
			</control>
		</control>
		<!-- /extras -->
		<control type="group">
			<posy>-28</posy>
			<visible>Container.PlexContent(Movie) | [Container.PlexContent(Channel) + ListItem.Type(movie)]</visible>
			<include>FadeDialog</include>
			<animation effect="slide" start="0" end="297" time="500" condition="Control.HasFocus(30)">Conditional</animation>
			<!-- backgrounds -->
			<control type="group">
				<control type="largeimage">
					<posy>28</posy>
					<posx>74</posx>
					<width>1206</width>
					<height>720</height>
					<texture>preplay-movie-episode-bg2.png</texture>
					<aspectratio>scale</aspectratio>
				</control>
				<!--><control type="largeimage">
					<posy>384</posy>
					<posx>74</posx>
					<width>1280</width>
					<height>262</height>
					<texture>black.png</texture>
					<animation effect="fade" start="0" end="50" time="0" condition="true">Conditional</animation>
				</control>-->
			</control>
			<!-- poster -->
			<include>MoviePosterBig</include>
			<!-- Infos Left -->
			<control type="grouplist">
				<orientation>vertical</orientation>
				<itemgap>15</itemgap>
				<posy>66</posy>
				<posx>560</posx>
				<!-- Title & Watched/Unwatched indicator -->
				<control type="grouplist">
					<width>570</width>
					<height>44</height>
					<align>left</align>
					<usecontrolcoords>true</usecontrolcoords>
					<orientation>horizontal</orientation>
					<itemgap>20</itemgap>
					<control type="label">
						<width min="29" max="500">auto</width>
						<height>44</height>
						<label>$INFO[ListItem.Label]</label>
						<font>Bold-36</font>
						<include>WhiteShadow</include>
						<visible>true</visible>
					</control>
					<control type="image">
						<posy>5</posy>
						<width>30</width>
						<height>30</height>
						<texture>$INFO[ListItem.Overlay]</texture>
					</control>
				</control>
				<!-- Genre -->
				<control type="label">
					<width>530</width>
					<height>15</height>
					<label>[UPPERCASE]$INFO[ListItem.Genre][/UPPERCASE]</label>
					<font>Regular-18</font>
					<include>White2</include>
					<visible>true</visible>
				</control>
				<!-- DurationStr -->
				<control type="label">
					<width>600</width>
					<height>15</height>
					<label>$INFO[ListItem.DurationStr]</label>
					<font>Regular-18</font>
					<include>WhiteShadow</include>
					<visible>true</visible>
				</control>
				<!-- Unavailable indicator -->
				<include>UnavailableIndicator</include>
			</control>
			<!-- Infos Right -->
			<control type="group">
				<posy>68</posy>
				<!-- Year -->
				<control type="label">
					<posy>0</posy>
					<posx>40r</posx>
					<width>200</width>
					<height>40</height>
					<align>right</align>
					<label>$INFO[ListItem.Year]</label>
					<font>Bold-36</font>
					<include>WhiteShadow</include>
					<visible>true</visible>
				</control>
				<!-- MPAA flag -->
				<control type="image">
					<posy>50</posy>
					<posx>142r</posx>
					<width>100</width>
					<height>20</height>
					<texture>$INFO[Listitem.Art(mediaTag::contentRating)]</texture>
					<aspectratio align="right" aligny="center">keep</aspectratio>
					<colordiffuse>FF999999</colordiffuse>
					<visible>true</visible>
				</control>
				<!-- Star Rating -->
				<control type="image">
					<posy>80</posy>
					<posx>140r</posx>
					<width>100</width>
					<height>20</height>
					<texture>$INFO[ListItem.StarRating]</texture>
					<aspectratio align="right" aligny="center">keep</aspectratio>
					<visible>IsEmpty(ListItem.Property(hasUserRating))</visible>
				</control>
				<control type="image">
					<posy>80</posy>
					<posx>140r</posx>
					<width>100</width>
					<height>20</height>
					<texture>$INFO[ListItem.StarRating]</texture>
					<aspectratio align="right" aligny="center">keep</aspectratio>
					<colordiffuse>orange</colordiffuse>
					<visible>!IsEmpty(ListItem.Property(hasUserRating))</visible>
				</control>
			</control>
			<!-- Director -->
			<control type="grouplist">
				<posy>238</posy>
				<posx>560</posx>
				<orientation>horizontal</orientation>
				<itemgap>20</itemgap>
				<control type="label">
					<label>[UPPERCASE]$LOCALIZE[31135][/UPPERCASE]</label>
					<include>LeftInfoFormatGrey</include>
				</control>
				<control type="label">
					<label>$INFO[ListItem.Director]</label>
					<include>LeftInfoFormatWhite</include>
				</control>
			</control>
			<!-- Cast -->
			<control type="grouplist">
				<posy>268</posy>
				<posx>560</posx>
				<orientation>horizontal</orientation>
				<itemgap>20</itemgap>
				<control type="label">
					<label>[UPPERCASE]$LOCALIZE[31134][/UPPERCASE]</label>
					<include>LeftInfoFormatGrey</include>
				</control>
				<control type="label">
					<label>$INFO[ListItem.Cast]</label>
					<include>LeftInfoFormatWhite</include>
				</control>
			</control>
			<!-- Audio & Subtitles buttons -->
			<control type="group" id="999">
				<defaultcontrol always="true">19101</defaultcontrol>
				<!-- Audio -->
				<control type="grouplist">
					<posy>298</posy>
					<posx>560</posx>
					<orientation>horizontal</orientation>
					<itemgap>20</itemgap>
					<control type="label">
						<textoffsetx>0</textoffsetx>
						<!-- NOTE: NEED STRING FOR THIS -->
						<!--><label>[UPPERCASE]$LOCALIZE[31134][/UPPERCASE]</label>-->
						<label>[UPPERCASE]Audio[/UPPERCASE]</label>
						<include>LeftInfoFormatGrey</include>
					</control>
					<control type="label">
						<label>$INFO[ListItem.Property(SelectedAudioStream)]</label>
						<include>LeftInfoFormatWhite</include>
					</control>
				</control>
				<!-- Subtitles -->
				<control type="grouplist">
					<posy>328</posy>
					<posx>560</posx>
					<orientation>horizontal</orientation>
					<itemgap>20</itemgap>
					<control type="label">
						<textoffsetx>0</textoffsetx>
						<!-- NOTE: NEED STRING FOR THIS -->
						<!--><label>[UPPERCASE]$LOCALIZE[31134][/UPPERCASE]</label>-->
						<label>[UPPERCASE]Subtitles[/UPPERCASE]</label>
						<include>LeftInfoFormatGrey</include>
					</control>
					<control type="label">
						<label>$INFO[ListItem.Property(SelectedSubtitleStream)]</label>
						<include>LeftInfoFormatWhite</include>
					</control>
				</control>
			</control>
			<!-- plot -->
			<control type="textbox">
				<posy>415</posy>
				<posx>560</posx>
				<width>685</width>
				<height>195</height>
				<label>$INFO[ListItem.Plot]</label>
				<autoscroll delay="10000" time="3000" repeat="5000">!Control.HasFocus(13)</autoscroll>
				<include>PlotFormat</include>
			</control>
			<control type="textbox">
				<posy>415</posy>
				<posx>560</posx>
				<width>685</width>
				<height>195</height>
				<include>PlotFormat</include>
				<include>NoPlotDefault</include>
				<visible>IsEmpty(ListItem.Plot)</visible>
			</control>
			<!-- MediaFlags -->
			<include>MediaFlags</include>
		</control>
	</include>
	<!-- Pre-play Clip -->
	<include name="PreplayClip">
		<control type="group" id="777">
			<posy>-28</posy>
			<visible>Container.PlexContent(Clip) | [Container.PlexContent(Channel) + ListItem.Type(clip)]</visible>
			<include>FadeDialog</include>
			<include>rightSideSlide</include>
			<!-- backgrounds -->
			<control type="largeimage">
				<posy>28</posy>
				<posx>0</posx>
				<width>1280</width>
				<height>720</height>
				<texture>preplay-movie-episode-bg.png</texture>
				<aspectratio>scale</aspectratio>
			</control>
			<!-- Source Icon -->
			<control type="image">
				<posy>146</posy>
				<posx>273</posx>
				<width>204</width>
				<height>204</height>
				<texture>$INFO[ListItem.Art(sourceIcon)]</texture>
				<aspectratio align="right" aligny="center">keep</aspectratio>
				<visible>!IsEmpty(ListItem.Art(sourceIcon))</visible>
			</control>
			<!-- thumb -->
			<control type="largeimage">
				<posy>420</posy>
				<posx>117</posx>
				<width>360</width>
				<height>190</height>
				<texture background="true" diffuse="preplay-poster-big-mask.png">$INFO[ListItem.Art(thumb)]</texture>
				<aspectratio scalediffuse="false" align="center" aligny="top">scale</aspectratio>
				<animation effect="fade" start="0" end="100" time="0" condition="true">Conditional</animation>
			</control>
			<!-- Infos Left -->
			<control type="grouplist">
				<orientation>vertical</orientation>
				<itemgap>10</itemgap>
				<posy>61</posy>
				<posx>560</posx>
				<!-- Title & Watched/Unwatched indicator -->
				<control type="grouplist">
					<width>630</width>
					<height>44</height>
					<align>left</align>
					<usecontrolcoords>true</usecontrolcoords>
					<orientation>horizontal</orientation>
					<itemgap>20</itemgap>
					<control type="label">
						<width min="29" max="570">auto</width>
						<height>44</height>
						<label>$INFO[ListItem.Label]</label>
						<font>Bold-36</font>
						<include>WhiteShadow</include>
						<visible>true</visible>
					</control>
					<control type="image">
						<posy>4</posy>
						<width>30</width>
						<height>30</height>
						<texture>$INFO[ListItem.Overlay]</texture>
					</control>
				</control>
				<!-- Year / Duration / Source -->
				<control type="label">
					<width>630</width>
					<height>30</height>
					<width min="30" max="500">auto</width>
					<height>30</height>
					<label>$INFO[ListItem.Year]$INFO[ListItem.DurationStr, &#xB7; ]$INFO[ListItem.Property(sourceTitle), &#xB7; ]</label>
					<font>Bold-30</font>
					<include>Grey1</include>
				</control>
				<!-- Season, Episode -->
				<control type="label">
					<width>600</width>
					<height>25</height>
					<label>$INFO[ListItem.Date]</label>
					<font>Regular-18</font>
					<include>WhiteShadow</include>
					<visible>true</visible>
				</control>
			</control>
			<!-- Infos Right -->
			<control type="group">
				<posy>61</posy>
				<!-- Star Rating -->
				<control type="image">
					<posy>94</posy>
					<posx>140r</posx>
					<width>100</width>
					<height>20</height>
					<texture>$INFO[ListItem.StarRating]</texture>
					<aspectratio align="right" aligny="center">keep</aspectratio>
					<colordiffuse>orange</colordiffuse>
					<visible>!IsEmpty(ListItem.Property(hasUserRating))</visible>
				</control>
			</control>
			<!-- Director -->
			<control type="grouplist">
				<posy>250</posy>
				<posx>560</posx>
				<orientation>horizontal</orientation>
				<itemgap>10</itemgap>
				<visible>!IsEmpty(ListItem.Director)</visible>
				<control type="label">
					<label>[UPPERCASE]$LOCALIZE[31135][/UPPERCASE]</label>
					<include>LeftInfoFormatGrey</include>
				</control>
				<control type="label">
					<label>$INFO[ListItem.Director]</label>
					<include>LeftInfoFormatWhite</include>
				</control>
			</control>
			<!-- plot -->
			<control type="textbox">
				<label>$INFO[ListItem.Plot]</label>
				<include>PlotFormat</include>
			</control>
			<control type="textbox">
				<include>PlotFormat</include>
				<include>NoPlotDefault</include>
				<visible>IsEmpty(ListItem.Plot)</visible>
			</control>
			<!-- MediaFlags -->
			<include>MediaFlags</include>
		</control>
	</include>
</includes>
